solver,metric,rho,support_type,gap,value
TREX-DA+AR1: TLARS,mean_TPP,0.000000,CappedSpread,100,0.994500
TREX-DA+AR1: TLARS,sd_TPP,0.000000,CappedSpread,100,0.022855
TREX-DA+AR1: TLARS,mean_FDP,0.000000,CappedSpread,100,0.093382
TREX-DA+AR1: TLARS,sd_FDP,0.000000,CappedSpread,100,0.084173
TREX-DA+AR1: TLARS,mean_TPP,0.000000,CappedSpread,50,0.991500
TREX-DA+AR1: TLARS,sd_TPP,0.000000,CappedSpread,50,0.032911
TREX-DA+AR1: TLARS,mean_FDP,0.000000,CappedSpread,50,0.096452
TREX-DA+AR1: TLARS,sd_FDP,0.000000,CappedSpread,50,0.086554
TREX-DA+AR1: TLARS,mean_TPP,0.000000,CappedSpread,20,0.987000
TREX-DA+AR1: TLARS,sd_TPP,0.000000,CappedSpread,20,0.041710
TREX-DA+AR1: TLARS,mean_FDP,0.000000,CappedSpread,20,0.087280
TREX-DA+AR1: TLARS,sd_FDP,0.000000,CappedSpread,20,0.078822
TREX-DA+AR1: TLARS,mean_TPP,0.000000,CappedSpread,15,0.991000
TREX-DA+AR1: TLARS,sd_TPP,0.000000,CappedSpread,15,0.032002
TREX-DA+AR1: TLARS,mean_FDP,0.000000,CappedSpread,15,0.092437
TREX-DA+AR1: TLARS,sd_FDP,0.000000,CappedSpread,15,0.082525
TREX-DA+AR1: TLARS,mean_TPP,0.000000,CappedSpread,10,0.991500
TREX-DA+AR1: TLARS,sd_TPP,0.000000,CappedSpread,10,0.031347
TREX-DA+AR1: TLARS,mean_FDP,0.000000,CappedSpread,10,0.101079
TREX-DA+AR1: TLARS,sd_FDP,0.000000,CappedSpread,10,0.078810
TREX-DA+AR1: TLARS,mean_TPP,0.000000,CappedSpread,5,0.984000
TREX-DA+AR1: TLARS,sd_TPP,0.000000,CappedSpread,5,0.052515
TREX-DA+AR1: TLARS,mean_FDP,0.000000,CappedSpread,5,0.093583
TREX-DA+AR1: TLARS,sd_FDP,0.000000,CappedSpread,5,0.078947
TREX-DA+AR1: TLARS,mean_TPP,0.000000,CappedSpread,1,0.000500
TREX-DA+AR1: TLARS,sd_TPP,0.000000,CappedSpread,1,0.007071
TREX-DA+AR1: TLARS,mean_FDP,0.000000,CappedSpread,1,0.110000
TREX-DA+AR1: TLARS,sd_FDP,0.000000,CappedSpread,1,0.313675
TREX-DA+AR1: TLARS,mean_TPP,0.000000,Random,,0.971000
TREX-DA+AR1: TLARS,sd_TPP,0.000000,Random,,0.070597
TREX-DA+AR1: TLARS,mean_FDP,0.000000,Random,,0.106204
TREX-DA+AR1: TLARS,sd_FDP,0.000000,Random,,0.083263
TREX-DA+AR1: TLARS,mean_TPP,0.100000,CappedSpread,100,0.990500
TREX-DA+AR1: TLARS,sd_TPP,0.100000,CappedSpread,100,0.032635
TREX-DA+AR1: TLARS,mean_FDP,0.100000,CappedSpread,100,0.088229
TREX-DA+AR1: TLARS,sd_FDP,0.100000,CappedSpread,100,0.081002
TREX-DA+AR1: TLARS,mean_TPP,0.100000,CappedSpread,50,0.989000
TREX-DA+AR1: TLARS,sd_TPP,0.100000,CappedSpread,50,0.035853
TREX-DA+AR1: TLARS,mean_FDP,0.100000,CappedSpread,50,0.094321
TREX-DA+AR1: TLARS,sd_FDP,0.100000,CappedSpread,50,0.084653
TREX-DA+AR1: TLARS,mean_TPP,0.100000,CappedSpread,20,0.983000
TREX-DA+AR1: TLARS,sd_TPP,0.100000,CappedSpread,20,0.047139
TREX-DA+AR1: TLARS,mean_FDP,0.100000,CappedSpread,20,0.089779
TREX-DA+AR1: TLARS,sd_FDP,0.100000,CappedSpread,20,0.078255
TREX-DA+AR1: TLARS,mean_TPP,0.100000,CappedSpread,15,0.989500
TREX-DA+AR1: TLARS,sd_TPP,0.100000,CappedSpread,15,0.030732
TREX-DA+AR1: TLARS,mean_FDP,0.100000,CappedSpread,15,0.089611
TREX-DA+AR1: TLARS,sd_FDP,0.100000,CappedSpread,15,0.088197
TREX-DA+AR1: TLARS,mean_TPP,0.100000,CappedSpread,10,0.986500
TREX-DA+AR1: TLARS,sd_TPP,0.100000,CappedSpread,10,0.039694
TREX-DA+AR1: TLARS,mean_FDP,0.100000,CappedSpread,10,0.092759
TREX-DA+AR1: TLARS,sd_FDP,0.100000,CappedSpread,10,0.084768
TREX-DA+AR1: TLARS,mean_TPP,0.100000,CappedSpread,5,0.982500
TREX-DA+AR1: TLARS,sd_TPP,0.100000,CappedSpread,5,0.049558
TREX-DA+AR1: TLARS,mean_FDP,0.100000,CappedSpread,5,0.087823
TREX-DA+AR1: TLARS,sd_FDP,0.100000,CappedSpread,5,0.076827
TREX-DA+AR1: TLARS,mean_TPP,0.100000,CappedSpread,1,0.000000
TREX-DA+AR1: TLARS,sd_TPP,0.100000,CappedSpread,1,0.000000
TREX-DA+AR1: TLARS,mean_FDP,0.100000,CappedSpread,1,0.120000
TREX-DA+AR1: TLARS,sd_FDP,0.100000,CappedSpread,1,0.325777
TREX-DA+AR1: TLARS,mean_TPP,0.100000,Random,,0.953500
TREX-DA+AR1: TLARS,sd_TPP,0.100000,Random,,0.088470
TREX-DA+AR1: TLARS,mean_FDP,0.100000,Random,,0.086976
TREX-DA+AR1: TLARS,sd_FDP,0.100000,Random,,0.080225
TREX-DA+AR1: TLARS,mean_TPP,0.200000,CappedSpread,100,0.985000
TREX-DA+AR1: TLARS,sd_TPP,0.200000,CappedSpread,100,0.037174
TREX-DA+AR1: TLARS,mean_FDP,0.200000,CappedSpread,100,0.087244
TREX-DA+AR1: TLARS,sd_FDP,0.200000,CappedSpread,100,0.075619
TREX-DA+AR1: TLARS,mean_TPP,0.200000,CappedSpread,50,0.979500
TREX-DA+AR1: TLARS,sd_TPP,0.200000,CappedSpread,50,0.054263
TREX-DA+AR1: TLARS,mean_FDP,0.200000,CappedSpread,50,0.088863
TREX-DA+AR1: TLARS,sd_FDP,0.200000,CappedSpread,50,0.079865
TREX-DA+AR1: TLARS,mean_TPP,0.200000,CappedSpread,20,0.979000
TREX-DA+AR1: TLARS,sd_TPP,0.200000,CappedSpread,20,0.056346
TREX-DA+AR1: TLARS,mean_FDP,0.200000,CappedSpread,20,0.080510
TREX-DA+AR1: TLARS,sd_FDP,0.200000,CappedSpread,20,0.082030
TREX-DA+AR1: TLARS,mean_TPP,0.200000,CappedSpread,15,0.988000
TREX-DA+AR1: TLARS,sd_TPP,0.200000,CappedSpread,15,0.032578
TREX-DA+AR1: TLARS,mean_FDP,0.200000,CappedSpread,15,0.090086
TREX-DA+AR1: TLARS,sd_FDP,0.200000,CappedSpread,15,0.078576
TREX-DA+AR1: TLARS,mean_TPP,0.200000,CappedSpread,10,0.985000
TREX-DA+AR1: TLARS,sd_TPP,0.200000,CappedSpread,10,0.045666
TREX-DA+AR1: TLARS,mean_FDP,0.200000,CappedSpread,10,0.090222
TREX-DA+AR1: TLARS,sd_FDP,0.200000,CappedSpread,10,0.077485
TREX-DA+AR1: TLARS,mean_TPP,0.200000,CappedSpread,5,0.978500
TREX-DA+AR1: TLARS,sd_TPP,0.200000,CappedSpread,5,0.064875
TREX-DA+AR1: TLARS,mean_FDP,0.200000,CappedSpread,5,0.079463
TREX-DA+AR1: TLARS,sd_FDP,0.200000,CappedSpread,5,0.082251
TREX-DA+AR1: TLARS,mean_TPP,0.200000,CappedSpread,1,0.000000
TREX-DA+AR1: TLARS,sd_TPP,0.200000,CappedSpread,1,0.000000
TREX-DA+AR1: TLARS,mean_FDP,0.200000,CappedSpread,1,0.105000
TREX-DA+AR1: TLARS,sd_FDP,0.200000,CappedSpread,1,0.307323
TREX-DA+AR1: TLARS,mean_TPP,0.200000,Random,,0.929000
TREX-DA+AR1: TLARS,sd_TPP,0.200000,Random,,0.111900
TREX-DA+AR1: TLARS,mean_FDP,0.200000,Random,,0.071286
TREX-DA+AR1: TLARS,sd_FDP,0.200000,Random,,0.078916
TREX-DA+AR1: TLARS,mean_TPP,0.300000,CappedSpread,100,0.977000
TREX-DA+AR1: TLARS,sd_TPP,0.300000,CappedSpread,100,0.048815
TREX-DA+AR1: TLARS,mean_FDP,0.300000,CappedSpread,100,0.075383
TREX-DA+AR1: TLARS,sd_FDP,0.300000,CappedSpread,100,0.082128
TREX-DA+AR1: TLARS,mean_TPP,0.300000,CappedSpread,50,0.980000
TREX-DA+AR1: TLARS,sd_TPP,0.300000,CappedSpread,50,0.047022
TREX-DA+AR1: TLARS,mean_FDP,0.300000,CappedSpread,50,0.087861
TREX-DA+AR1: TLARS,sd_FDP,0.300000,CappedSpread,50,0.072715
TREX-DA+AR1: TLARS,mean_TPP,0.300000,CappedSpread,20,0.974500
TREX-DA+AR1: TLARS,sd_TPP,0.300000,CappedSpread,20,0.053045
TREX-DA+AR1: TLARS,mean_FDP,0.300000,CappedSpread,20,0.080128
TREX-DA+AR1: TLARS,sd_FDP,0.300000,CappedSpread,20,0.079033
TREX-DA+AR1: TLARS,mean_TPP,0.300000,CappedSpread,15,0.976000
TREX-DA+AR1: TLARS,sd_TPP,0.300000,CappedSpread,15,0.045102
TREX-DA+AR1: TLARS,mean_FDP,0.300000,CappedSpread,15,0.075795
TREX-DA+AR1: TLARS,sd_FDP,0.300000,CappedSpread,15,0.074435
TREX-DA+AR1: TLARS,mean_TPP,0.300000,CappedSpread,10,0.972500
TREX-DA+AR1: TLARS,sd_TPP,0.300000,CappedSpread,10,0.066452
TREX-DA+AR1: TLARS,mean_FDP,0.300000,CappedSpread,10,0.073324
TREX-DA+AR1: TLARS,sd_FDP,0.300000,CappedSpread,10,0.079377
TREX-DA+AR1: TLARS,mean_TPP,0.300000,CappedSpread,5,0.967500
TREX-DA+AR1: TLARS,sd_TPP,0.300000,CappedSpread,5,0.076308
TREX-DA+AR1: TLARS,mean_FDP,0.300000,CappedSpread,5,0.075939
TREX-DA+AR1: TLARS,sd_FDP,0.300000,CappedSpread,5,0.081483
TREX-DA+AR1: TLARS,mean_TPP,0.300000,CappedSpread,1,0.000000
TREX-DA+AR1: TLARS,sd_TPP,0.300000,CappedSpread,1,0.000000
TREX-DA+AR1: TLARS,mean_FDP,0.300000,CappedSpread,1,0.105000
TREX-DA+AR1: TLARS,sd_FDP,0.300000,CappedSpread,1,0.307323
TREX-DA+AR1: TLARS,mean_TPP,0.300000,Random,,0.910000
TREX-DA+AR1: TLARS,sd_TPP,0.300000,Random,,0.127204
TREX-DA+AR1: TLARS,mean_FDP,0.300000,Random,,0.072112
TREX-DA+AR1: TLARS,sd_FDP,0.300000,Random,,0.078018
TREX-DA+AR1: TLARS,mean_TPP,0.400000,CappedSpread,100,0.966000
TREX-DA+AR1: TLARS,sd_TPP,0.400000,CappedSpread,100,0.069050
TREX-DA+AR1: TLARS,mean_FDP,0.400000,CappedSpread,100,0.074611
TREX-DA+AR1: TLARS,sd_FDP,0.400000,CappedSpread,100,0.077400
TREX-DA+AR1: TLARS,mean_TPP,0.400000,CappedSpread,50,0.964500
TREX-DA+AR1: TLARS,sd_TPP,0.400000,CappedSpread,50,0.059222
TREX-DA+AR1: TLARS,mean_FDP,0.400000,CappedSpread,50,0.074297
TREX-DA+AR1: TLARS,sd_FDP,0.400000,CappedSpread,50,0.074624
TREX-DA+AR1: TLARS,mean_TPP,0.400000,CappedSpread,20,0.957500
TREX-DA+AR1: TLARS,sd_TPP,0.400000,CappedSpread,20,0.084733
TREX-DA+AR1: TLARS,mean_FDP,0.400000,CappedSpread,20,0.077109
TREX-DA+AR1: TLARS,sd_FDP,0.400000,CappedSpread,20,0.070879
TREX-DA+AR1: TLARS,mean_TPP,0.400000,CappedSpread,15,0.964000
TREX-DA+AR1: TLARS,sd_TPP,0.400000,CappedSpread,15,0.072320
TREX-DA+AR1: TLARS,mean_FDP,0.400000,CappedSpread,15,0.080855
TREX-DA+AR1: TLARS,sd_FDP,0.400000,CappedSpread,15,0.078776
TREX-DA+AR1: TLARS,mean_TPP,0.400000,CappedSpread,10,0.962000
TREX-DA+AR1: TLARS,sd_TPP,0.400000,CappedSpread,10,0.071284
TREX-DA+AR1: TLARS,mean_FDP,0.400000,CappedSpread,10,0.070482
TREX-DA+AR1: TLARS,sd_FDP,0.400000,CappedSpread,10,0.071773
TREX-DA+AR1: TLARS,mean_TPP,0.400000,CappedSpread,5,0.000000
TREX-DA+AR1: TLARS,sd_TPP,0.400000,CappedSpread,5,0.000000
TREX-DA+AR1: TLARS,mean_FDP,0.400000,CappedSpread,5,0.045000
TREX-DA+AR1: TLARS,sd_FDP,0.400000,CappedSpread,5,0.207824
TREX-DA+AR1: TLARS,mean_TPP,0.400000,CappedSpread,1,0.000000
TREX-DA+AR1: TLARS,sd_TPP,0.400000,CappedSpread,1,0.000000
TREX-DA+AR1: TLARS,mean_FDP,0.400000,CappedSpread,1,0.090000
TREX-DA+AR1: TLARS,sd_FDP,0.400000,CappedSpread,1,0.286900
TREX-DA+AR1: TLARS,mean_TPP,0.400000,Random,,0.884500
TREX-DA+AR1: TLARS,sd_TPP,0.400000,Random,,0.145311
TREX-DA+AR1: TLARS,mean_FDP,0.400000,Random,,0.060935
TREX-DA+AR1: TLARS,sd_FDP,0.400000,Random,,0.073761
TREX-DA+AR1: TLARS,mean_TPP,0.500000,CappedSpread,100,0.944000
TREX-DA+AR1: TLARS,sd_TPP,0.500000,CappedSpread,100,0.076112
TREX-DA+AR1: TLARS,mean_FDP,0.500000,CappedSpread,100,0.068412
TREX-DA+AR1: TLARS,sd_FDP,0.500000,CappedSpread,100,0.079628
TREX-DA+AR1: TLARS,mean_TPP,0.500000,CappedSpread,50,0.947500
TREX-DA+AR1: TLARS,sd_TPP,0.500000,CappedSpread,50,0.072249
TREX-DA+AR1: TLARS,mean_FDP,0.500000,CappedSpread,50,0.070271
TREX-DA+AR1: TLARS,sd_FDP,0.500000,CappedSpread,50,0.072008
TREX-DA+AR1: TLARS,mean_TPP,0.500000,CappedSpread,20,0.943500
TREX-DA+AR1: TLARS,sd_TPP,0.500000,CappedSpread,20,0.089430
TREX-DA+AR1: TLARS,mean_FDP,0.500000,CappedSpread,20,0.074240
TREX-DA+AR1: TLARS,sd_FDP,0.500000,CappedSpread,20,0.071143
TREX-DA+AR1: TLARS,mean_TPP,0.500000,CappedSpread,15,0.941000
TREX-DA+AR1: TLARS,sd_TPP,0.500000,CappedSpread,15,0.085178
TREX-DA+AR1: TLARS,mean_FDP,0.500000,CappedSpread,15,0.070168
TREX-DA+AR1: TLARS,sd_FDP,0.500000,CappedSpread,15,0.072288
TREX-DA+AR1: TLARS,mean_TPP,0.500000,CappedSpread,10,0.935500
TREX-DA+AR1: TLARS,sd_TPP,0.500000,CappedSpread,10,0.103651
TREX-DA+AR1: TLARS,mean_FDP,0.500000,CappedSpread,10,0.063965
TREX-DA+AR1: TLARS,sd_FDP,0.500000,CappedSpread,10,0.070425
TREX-DA+AR1: TLARS,mean_TPP,0.500000,CappedSpread,5,0.000000
TREX-DA+AR1: TLARS,sd_TPP,0.500000,CappedSpread,5,0.000000
TREX-DA+AR1: TLARS,mean_FDP,0.500000,CappedSpread,5,0.075000
TREX-DA+AR1: TLARS,sd_FDP,0.500000,CappedSpread,5,0.264052
TREX-DA+AR1: TLARS,mean_TPP,0.500000,CappedSpread,1,0.000000
TREX-DA+AR1: TLARS,sd_TPP,0.500000,CappedSpread,1,0.000000
TREX-DA+AR1: TLARS,mean_FDP,0.500000,CappedSpread,1,0.060000
TREX-DA+AR1: TLARS,sd_FDP,0.500000,CappedSpread,1,0.238083
TREX-DA+AR1: TLARS,mean_TPP,0.500000,Random,,0.833000
TREX-DA+AR1: TLARS,sd_TPP,0.500000,Random,,0.152405
TREX-DA+AR1: TLARS,mean_FDP,0.500000,Random,,0.065720
TREX-DA+AR1: TLARS,sd_FDP,0.500000,Random,,0.077553
TREX-DA+AR1: TLARS,mean_TPP,0.600000,CappedSpread,100,0.903500
TREX-DA+AR1: TLARS,sd_TPP,0.600000,CappedSpread,100,0.111354
TREX-DA+AR1: TLARS,mean_FDP,0.600000,CappedSpread,100,0.056874
TREX-DA+AR1: TLARS,sd_FDP,0.600000,CappedSpread,100,0.072948
TREX-DA+AR1: TLARS,mean_TPP,0.600000,CappedSpread,50,0.897500
TREX-DA+AR1: TLARS,sd_TPP,0.600000,CappedSpread,50,0.118804
TREX-DA+AR1: TLARS,mean_FDP,0.600000,CappedSpread,50,0.063137
TREX-DA+AR1: TLARS,sd_FDP,0.600000,CappedSpread,50,0.070348
TREX-DA+AR1: TLARS,mean_TPP,0.600000,CappedSpread,20,0.896000
TREX-DA+AR1: TLARS,sd_TPP,0.600000,CappedSpread,20,0.119395
TREX-DA+AR1: TLARS,mean_FDP,0.600000,CappedSpread,20,0.056440
TREX-DA+AR1: TLARS,sd_FDP,0.600000,CappedSpread,20,0.065784
TREX-DA+AR1: TLARS,mean_TPP,0.600000,CappedSpread,15,0.892000
TREX-DA+AR1: TLARS,sd_TPP,0.600000,CappedSpread,15,0.125758
TREX-DA+AR1: TLARS,mean_FDP,0.600000,CappedSpread,15,0.063106
TREX-DA+AR1: TLARS,sd_FDP,0.600000,CappedSpread,15,0.071400
TREX-DA+AR1: TLARS,mean_TPP,0.600000,CappedSpread,10,0.867500
TREX-DA+AR1: TLARS,sd_TPP,0.600000,CappedSpread,10,0.143165
TREX-DA+AR1: TLARS,mean_FDP,0.600000,CappedSpread,10,0.051610
TREX-DA+AR1: TLARS,sd_FDP,0.600000,CappedSpread,10,0.063198
TREX-DA+AR1: TLARS,mean_TPP,0.600000,CappedSpread,5,0.000000
TREX-DA+AR1: TLARS,sd_TPP,0.600000,CappedSpread,5,0.000000
TREX-DA+AR1: TLARS,mean_FDP,0.600000,CappedSpread,5,0.065000
TREX-DA+AR1: TLARS,sd_FDP,0.600000,CappedSpread,5,0.247144
TREX-DA+AR1: TLARS,mean_TPP,0.600000,CappedSpread,1,0.000000
TREX-DA+AR1: TLARS,sd_TPP,0.600000,CappedSpread,1,0.000000
TREX-DA+AR1: TLARS,mean_FDP,0.600000,CappedSpread,1,0.060000
TREX-DA+AR1: TLARS,sd_FDP,0.600000,CappedSpread,1,0.238083
TREX-DA+AR1: TLARS,mean_TPP,0.600000,Random,,0.759000
TREX-DA+AR1: TLARS,sd_TPP,0.600000,Random,,0.163563
TREX-DA+AR1: TLARS,mean_FDP,0.600000,Random,,0.047043
TREX-DA+AR1: TLARS,sd_FDP,0.600000,Random,,0.074163
TREX-DA+AR1: TLARS,mean_TPP,0.700000,CappedSpread,100,0.813000
TREX-DA+AR1: TLARS,sd_TPP,0.700000,CappedSpread,100,0.136101
TREX-DA+AR1: TLARS,mean_FDP,0.700000,CappedSpread,100,0.047900
TREX-DA+AR1: TLARS,sd_FDP,0.700000,CappedSpread,100,0.067780
TREX-DA+AR1: TLARS,mean_TPP,0.700000,CappedSpread,50,0.827500
TREX-DA+AR1: TLARS,sd_TPP,0.700000,CappedSpread,50,0.149686
TREX-DA+AR1: TLARS,mean_FDP,0.700000,CappedSpread,50,0.052617
TREX-DA+AR1: TLARS,sd_FDP,0.700000,CappedSpread,50,0.067661
TREX-DA+AR1: TLARS,mean_TPP,0.700000,CappedSpread,20,0.814000
TREX-DA+AR1: TLARS,sd_TPP,0.700000,CappedSpread,20,0.145981
TREX-DA+AR1: TLARS,mean_FDP,0.700000,CappedSpread,20,0.061142
TREX-DA+AR1: TLARS,sd_FDP,0.700000,CappedSpread,20,0.072552
TREX-DA+AR1: TLARS,mean_TPP,0.700000,CappedSpread,15,0.806500
TREX-DA+AR1: TLARS,sd_TPP,0.700000,CappedSpread,15,0.160426
TREX-DA+AR1: TLARS,mean_FDP,0.700000,CappedSpread,15,0.051601
TREX-DA+AR1: TLARS,sd_FDP,0.700000,CappedSpread,15,0.072502
TREX-DA+AR1: TLARS,mean_TPP,0.700000,CappedSpread,10,0.000500
TREX-DA+AR1: TLARS,sd_TPP,0.700000,CappedSpread,10,0.007071
TREX-DA+AR1: TLARS,mean_FDP,0.700000,CappedSpread,10,0.080000
TREX-DA+AR1: TLARS,sd_FDP,0.700000,CappedSpread,10,0.271974
TREX-DA+AR1: TLARS,mean_TPP,0.700000,CappedSpread,5,0.000000
TREX-DA+AR1: TLARS,sd_TPP,0.700000,CappedSpread,5,0.000000
TREX-DA+AR1: TLARS,mean_FDP,0.700000,CappedSpread,5,0.070000
TREX-DA+AR1: TLARS,sd_FDP,0.700000,CappedSpread,5,0.255787
TREX-DA+AR1: TLARS,mean_TPP,0.700000,CappedSpread,1,0.000000
TREX-DA+AR1: TLARS,sd_TPP,0.700000,CappedSpread,1,0.000000
TREX-DA+AR1: TLARS,mean_FDP,0.700000,CappedSpread,1,0.060000
TREX-DA+AR1: TLARS,sd_FDP,0.700000,CappedSpread,1,0.238083
TREX-DA+AR1: TLARS,mean_TPP,0.700000,Random,,0.643500
TREX-DA+AR1: TLARS,sd_TPP,0.700000,Random,,0.185824
TREX-DA+AR1: TLARS,mean_FDP,0.700000,Random,,0.047801
TREX-DA+AR1: TLARS,sd_FDP,0.700000,Random,,0.086727
TREX-DA+AR1: TLARS,mean_TPP,0.800000,CappedSpread,100,0.682000
TREX-DA+AR1: TLARS,sd_TPP,0.800000,CappedSpread,100,0.148953
TREX-DA+AR1: TLARS,mean_FDP,0.800000,CappedSpread,100,0.041191
TREX-DA+AR1: TLARS,sd_FDP,0.800000,CappedSpread,100,0.065240
TREX-DA+AR1: TLARS,mean_TPP,0.800000,CappedSpread,50,0.678500
TREX-DA+AR1: TLARS,sd_TPP,0.800000,CappedSpread,50,0.179580
TREX-DA+AR1: TLARS,mean_FDP,0.800000,CappedSpread,50,0.042676
TREX-DA+AR1: TLARS,sd_FDP,0.800000,CappedSpread,50,0.079763
TREX-DA+AR1: TLARS,mean_TPP,0.800000,CappedSpread,20,0.562000
TREX-DA+AR1: TLARS,sd_TPP,0.800000,CappedSpread,20,0.195569
TREX-DA+AR1: TLARS,mean_FDP,0.800000,CappedSpread,20,0.049094
TREX-DA+AR1: TLARS,sd_FDP,0.800000,CappedSpread,20,0.088138
TREX-DA+AR1: TLARS,mean_TPP,0.800000,CappedSpread,15,0.000500
TREX-DA+AR1: TLARS,sd_TPP,0.800000,CappedSpread,15,0.007071
TREX-DA+AR1: TLARS,mean_FDP,0.800000,CappedSpread,15,0.115000
TREX-DA+AR1: TLARS,sd_FDP,0.800000,CappedSpread,15,0.319823
TREX-DA+AR1: TLARS,mean_TPP,0.800000,CappedSpread,10,0.000500
TREX-DA+AR1: TLARS,sd_TPP,0.800000,CappedSpread,10,0.007071
TREX-DA+AR1: TLARS,mean_FDP,0.800000,CappedSpread,10,0.125000
TREX-DA+AR1: TLARS,sd_FDP,0.800000,CappedSpread,10,0.331549
TREX-DA+AR1: TLARS,mean_TPP,0.800000,CappedSpread,5,0.000000
TREX-DA+AR1: TLARS,sd_TPP,0.800000,CappedSpread,5,0.000000
TREX-DA+AR1: TLARS,mean_FDP,0.800000,CappedSpread,5,0.115000
TREX-DA+AR1: TLARS,sd_FDP,0.800000,CappedSpread,5,0.319823
TREX-DA+AR1: TLARS,mean_TPP,0.800000,CappedSpread,1,0.000000
TREX-DA+AR1: TLARS,sd_TPP,0.800000,CappedSpread,1,0.000000
TREX-DA+AR1: TLARS,mean_FDP,0.800000,CappedSpread,1,0.090000
TREX-DA+AR1: TLARS,sd_FDP,0.800000,CappedSpread,1,0.286900
TREX-DA+AR1: TLARS,mean_TPP,0.800000,Random,,0.464500
TREX-DA+AR1: TLARS,sd_TPP,0.800000,Random,,0.184008
TREX-DA+AR1: TLARS,mean_FDP,0.800000,Random,,0.045629
TREX-DA+AR1: TLARS,sd_FDP,0.800000,Random,,0.096496
TREX-DA+AR1: TLARS,mean_TPP,0.900000,CappedSpread,100,0.461500
TREX-DA+AR1: TLARS,sd_TPP,0.900000,CappedSpread,100,0.164936
TREX-DA+AR1: TLARS,mean_FDP,0.900000,CappedSpread,100,0.087375
TREX-DA+AR1: TLARS,sd_FDP,0.900000,CappedSpread,100,0.133236
TREX-DA+AR1: TLARS,mean_TPP,0.900000,CappedSpread,50,0.427500
TREX-DA+AR1: TLARS,sd_TPP,0.900000,CappedSpread,50,0.165623
TREX-DA+AR1: TLARS,mean_FDP,0.900000,CappedSpread,50,0.088339
TREX-DA+AR1: TLARS,sd_FDP,0.900000,CappedSpread,50,0.132224
TREX-DA+AR1: TLARS,mean_TPP,0.900000,CappedSpread,20,0.000000
TREX-DA+AR1: TLARS,sd_TPP,0.900000,CappedSpread,20,0.000000
TREX-DA+AR1: TLARS,mean_FDP,0.900000,CappedSpread,20,0.160000
TREX-DA+AR1: TLARS,sd_FDP,0.900000,CappedSpread,20,0.367526
TREX-DA+AR1: TLARS,mean_TPP,0.900000,CappedSpread,15,0.000000
TREX-DA+AR1: TLARS,sd_TPP,0.900000,CappedSpread,15,0.000000
TREX-DA+AR1: TLARS,mean_FDP,0.900000,CappedSpread,15,0.200000
TREX-DA+AR1: TLARS,sd_FDP,0.900000,CappedSpread,15,0.401004
TREX-DA+AR1: TLARS,mean_TPP,0.900000,CappedSpread,10,0.000000
TREX-DA+AR1: TLARS,sd_TPP,0.900000,CappedSpread,10,0.000000
TREX-DA+AR1: TLARS,mean_FDP,0.900000,CappedSpread,10,0.145000
TREX-DA+AR1: TLARS,sd_FDP,0.900000,CappedSpread,10,0.352984
TREX-DA+AR1: TLARS,mean_TPP,0.900000,CappedSpread,5,0.000000
TREX-DA+AR1: TLARS,sd_TPP,0.900000,CappedSpread,5,0.000000
TREX-DA+AR1: TLARS,mean_FDP,0.900000,CappedSpread,5,0.145000
TREX-DA+AR1: TLARS,sd_FDP,0.900000,CappedSpread,5,0.352984
TREX-DA+AR1: TLARS,mean_TPP,0.900000,CappedSpread,1,0.000000
TREX-DA+AR1: TLARS,sd_TPP,0.900000,CappedSpread,1,0.000000
TREX-DA+AR1: TLARS,mean_FDP,0.900000,CappedSpread,1,0.090000
TREX-DA+AR1: TLARS,sd_FDP,0.900000,CappedSpread,1,0.286900
TREX-DA+AR1: TLARS,mean_TPP,0.900000,Random,,0.200000
TREX-DA+AR1: TLARS,sd_TPP,0.900000,Random,,0.133375
TREX-DA+AR1: TLARS,mean_FDP,0.900000,Random,,0.122679
TREX-DA+AR1: TLARS,sd_FDP,0.900000,Random,,0.223828
TREX-DA+AR1: TAFS,mean_TPP,0.000000,CappedSpread,100,0.998500
TREX-DA+AR1: TAFS,sd_TPP,0.000000,CappedSpread,100,0.012186
TREX-DA+AR1: TAFS,mean_FDP,0.000000,CappedSpread,100,0.112203
TREX-DA+AR1: TAFS,sd_FDP,0.000000,CappedSpread,100,0.057427
TREX-DA+AR1: TAFS,mean_TPP,0.000000,CappedSpread,50,0.998000
TREX-DA+AR1: TAFS,sd_TPP,0.000000,CappedSpread,50,0.014035
TREX-DA+AR1: TAFS,mean_FDP,0.000000,CappedSpread,50,0.110147
TREX-DA+AR1: TAFS,sd_FDP,0.000000,CappedSpread,50,0.062964
TREX-DA+AR1: TAFS,mean_TPP,0.000000,CappedSpread,20,0.999000
TREX-DA+AR1: TAFS,sd_TPP,0.000000,CappedSpread,20,0.009975
TREX-DA+AR1: TAFS,mean_FDP,0.000000,CappedSpread,20,0.109613
TREX-DA+AR1: TAFS,sd_FDP,0.000000,CappedSpread,20,0.064767
TREX-DA+AR1: TAFS,mean_TPP,0.000000,CappedSpread,15,0.998500
TREX-DA+AR1: TAFS,sd_TPP,0.000000,CappedSpread,15,0.012186
TREX-DA+AR1: TAFS,mean_FDP,0.000000,CappedSpread,15,0.116285
TREX-DA+AR1: TAFS,sd_FDP,0.000000,CappedSpread,15,0.070589
TREX-DA+AR1: TAFS,mean_TPP,0.000000,CappedSpread,10,0.998500
TREX-DA+AR1: TAFS,sd_TPP,0.000000,CappedSpread,10,0.012186
TREX-DA+AR1: TAFS,mean_FDP,0.000000,CappedSpread,10,0.108799
TREX-DA+AR1: TAFS,sd_FDP,0.000000,CappedSpread,10,0.055255
TREX-DA+AR1: TAFS,mean_TPP,0.000000,CappedSpread,5,0.998500
TREX-DA+AR1: TAFS,sd_TPP,0.000000,CappedSpread,5,0.012186
TREX-DA+AR1: TAFS,mean_FDP,0.000000,CappedSpread,5,0.114981
TREX-DA+AR1: TAFS,sd_FDP,0.000000,CappedSpread,5,0.065367
TREX-DA+AR1: TAFS,mean_TPP,0.000000,CappedSpread,1,0.000000
TREX-DA+AR1: TAFS,sd_TPP,0.000000,CappedSpread,1,0.000000
TREX-DA+AR1: TAFS,mean_FDP,0.000000,CappedSpread,1,0.080000
TREX-DA+AR1: TAFS,sd_FDP,0.000000,CappedSpread,1,0.271974
TREX-DA+AR1: TAFS,mean_TPP,0.000000,Random,,0.990500
TREX-DA+AR1: TAFS,sd_TPP,0.000000,Random,,0.042055
TREX-DA+AR1: TAFS,mean_FDP,0.000000,Random,,0.100947
TREX-DA+AR1: TAFS,sd_FDP,0.000000,Random,,0.061602
TREX-DA+AR1: TAFS,mean_TPP,0.100000,CappedSpread,100,0.996500
TREX-DA+AR1: TAFS,sd_TPP,0.100000,CappedSpread,100,0.018424
TREX-DA+AR1: TAFS,mean_FDP,0.100000,CappedSpread,100,0.114778
TREX-DA+AR1: TAFS,sd_FDP,0.100000,CappedSpread,100,0.063107
TREX-DA+AR1: TAFS,mean_TPP,0.100000,CappedSpread,50,0.996500
TREX-DA+AR1: TAFS,sd_TPP,0.100000,CappedSpread,50,0.018424
TREX-DA+AR1: TAFS,mean_FDP,0.100000,CappedSpread,50,0.108413
TREX-DA+AR1: TAFS,sd_FDP,0.100000,CappedSpread,50,0.062815
TREX-DA+AR1: TAFS,mean_TPP,0.100000,CappedSpread,20,0.997500
TREX-DA+AR1: TAFS,sd_TPP,0.100000,CappedSpread,20,0.015652
TREX-DA+AR1: TAFS,mean_FDP,0.100000,CappedSpread,20,0.111213
TREX-DA+AR1: TAFS,sd_FDP,0.100000,CappedSpread,20,0.067665
TREX-DA+AR1: TAFS,mean_TPP,0.100000,CappedSpread,15,0.996500
TREX-DA+AR1: TAFS,sd_TPP,0.100000,CappedSpread,15,0.018424
TREX-DA+AR1: TAFS,mean_FDP,0.100000,CappedSpread,15,0.113432
TREX-DA+AR1: TAFS,sd_FDP,0.100000,CappedSpread,15,0.065360
TREX-DA+AR1: TAFS,mean_TPP,0.100000,CappedSpread,10,0.997000
TREX-DA+AR1: TAFS,sd_TPP,0.100000,CappedSpread,10,0.017102
TREX-DA+AR1: TAFS,mean_FDP,0.100000,CappedSpread,10,0.109915
TREX-DA+AR1: TAFS,sd_FDP,0.100000,CappedSpread,10,0.057770
TREX-DA+AR1: TAFS,mean_TPP,0.100000,CappedSpread,5,0.997000
TREX-DA+AR1: TAFS,sd_TPP,0.100000,CappedSpread,5,0.017102
TREX-DA+AR1: TAFS,mean_FDP,0.100000,CappedSpread,5,0.109697
TREX-DA+AR1: TAFS,sd_FDP,0.100000,CappedSpread,5,0.064972
TREX-DA+AR1: TAFS,mean_TPP,0.100000,CappedSpread,1,0.000000
TREX-DA+AR1: TAFS,sd_TPP,0.100000,CappedSpread,1,0.000000
TREX-DA+AR1: TAFS,mean_FDP,0.100000,CappedSpread,1,0.085000
TREX-DA+AR1: TAFS,sd_FDP,0.100000,CappedSpread,1,0.279582
TREX-DA+AR1: TAFS,mean_TPP,0.100000,Random,,0.979000
TREX-DA+AR1: TAFS,sd_TPP,0.100000,Random,,0.070597
TREX-DA+AR1: TAFS,mean_FDP,0.100000,Random,,0.102835
TREX-DA+AR1: TAFS,sd_FDP,0.100000,Random,,0.072756
TREX-DA+AR1: TAFS,mean_TPP,0.200000,CappedSpread,100,0.995500
TREX-DA+AR1: TAFS,sd_TPP,0.200000,CappedSpread,100,0.020782
TREX-DA+AR1: TAFS,mean_FDP,0.200000,CappedSpread,100,0.115973
TREX-DA+AR1: TAFS,sd_FDP,0.200000,CappedSpread,100,0.065171
TREX-DA+AR1: TAFS,mean_TPP,0.200000,CappedSpread,50,0.994500
TREX-DA+AR1: TAFS,sd_TPP,0.200000,CappedSpread,50,0.022855
TREX-DA+AR1: TAFS,mean_FDP,0.200000,CappedSpread,50,0.105218
TREX-DA+AR1: TAFS,sd_FDP,0.200000,CappedSpread,50,0.060055
TREX-DA+AR1: TAFS,mean_TPP,0.200000,CappedSpread,20,0.997000
TREX-DA+AR1: TAFS,sd_TPP,0.200000,CappedSpread,20,0.017102
TREX-DA+AR1: TAFS,mean_FDP,0.200000,CappedSpread,20,0.107535
TREX-DA+AR1: TAFS,sd_FDP,0.200000,CappedSpread,20,0.060131
TREX-DA+AR1: TAFS,mean_TPP,0.200000,CappedSpread,15,0.996500
TREX-DA+AR1: TAFS,sd_TPP,0.200000,CappedSpread,15,0.023248
TREX-DA+AR1: TAFS,mean_FDP,0.200000,CappedSpread,15,0.105681
TREX-DA+AR1: TAFS,sd_FDP,0.200000,CappedSpread,15,0.063130
TREX-DA+AR1: TAFS,mean_TPP,0.200000,CappedSpread,10,0.997500
TREX-DA+AR1: TAFS,sd_TPP,0.200000,CappedSpread,10,0.015652
TREX-DA+AR1: TAFS,mean_FDP,0.200000,CappedSpread,10,0.103699
TREX-DA+AR1: TAFS,sd_FDP,0.200000,CappedSpread,10,0.061703
TREX-DA+AR1: TAFS,mean_TPP,0.200000,CappedSpread,5,0.995500
TREX-DA+AR1: TAFS,sd_TPP,0.200000,CappedSpread,5,0.025158
TREX-DA+AR1: TAFS,mean_FDP,0.200000,CappedSpread,5,0.109501
TREX-DA+AR1: TAFS,sd_FDP,0.200000,CappedSpread,5,0.064394
TREX-DA+AR1: TAFS,mean_TPP,0.200000,CappedSpread,1,0.000000
TREX-DA+AR1: TAFS,sd_TPP,0.200000,CappedSpread,1,0.000000
TREX-DA+AR1: TAFS,mean_FDP,0.200000,CappedSpread,1,0.080000
TREX-DA+AR1: TAFS,sd_FDP,0.200000,CappedSpread,1,0.271974
TREX-DA+AR1: TAFS,mean_TPP,0.200000,Random,,0.966000
TREX-DA+AR1: TAFS,sd_TPP,0.200000,Random,,0.085912
TREX-DA+AR1: TAFS,mean_FDP,0.200000,Random,,0.097460
TREX-DA+AR1: TAFS,sd_FDP,0.200000,Random,,0.068959
TREX-DA+AR1: TAFS,mean_TPP,0.300000,CappedSpread,100,0.994000
TREX-DA+AR1: TAFS,sd_TPP,0.300000,CappedSpread,100,0.023808
TREX-DA+AR1: TAFS,mean_FDP,0.300000,CappedSpread,100,0.109961
TREX-DA+AR1: TAFS,sd_FDP,0.300000,CappedSpread,100,0.065832
TREX-DA+AR1: TAFS,mean_TPP,0.300000,CappedSpread,50,0.992500
TREX-DA+AR1: TAFS,sd_TPP,0.300000,CappedSpread,50,0.026405
TREX-DA+AR1: TAFS,mean_FDP,0.300000,CappedSpread,50,0.108900
TREX-DA+AR1: TAFS,sd_FDP,0.300000,CappedSpread,50,0.065328
TREX-DA+AR1: TAFS,mean_TPP,0.300000,CappedSpread,20,0.997000
TREX-DA+AR1: TAFS,sd_TPP,0.300000,CappedSpread,20,0.017102
TREX-DA+AR1: TAFS,mean_FDP,0.300000,CappedSpread,20,0.097333
TREX-DA+AR1: TAFS,sd_FDP,0.300000,CappedSpread,20,0.059134
TREX-DA+AR1: TAFS,mean_TPP,0.300000,CappedSpread,15,0.995500
TREX-DA+AR1: TAFS,sd_TPP,0.300000,CappedSpread,15,0.023074
TREX-DA+AR1: TAFS,mean_FDP,0.300000,CappedSpread,15,0.104834
TREX-DA+AR1: TAFS,sd_FDP,0.300000,CappedSpread,15,0.068229
TREX-DA+AR1: TAFS,mean_TPP,0.300000,CappedSpread,10,0.993000
TREX-DA+AR1: TAFS,sd_TPP,0.300000,CappedSpread,10,0.027473
TREX-DA+AR1: TAFS,mean_FDP,0.300000,CappedSpread,10,0.107067
TREX-DA+AR1: TAFS,sd_FDP,0.300000,CappedSpread,10,0.056997
TREX-DA+AR1: TAFS,mean_TPP,0.300000,CappedSpread,5,0.999000
TREX-DA+AR1: TAFS,sd_TPP,0.300000,CappedSpread,5,0.014142
TREX-DA+AR1: TAFS,mean_FDP,0.300000,CappedSpread,5,0.100876
TREX-DA+AR1: TAFS,sd_FDP,0.300000,CappedSpread,5,0.062232
TREX-DA+AR1: TAFS,mean_TPP,0.300000,CappedSpread,1,0.000000
TREX-DA+AR1: TAFS,sd_TPP,0.300000,CappedSpread,1,0.000000
TREX-DA+AR1: TAFS,mean_FDP,0.300000,CappedSpread,1,0.055000
TREX-DA+AR1: TAFS,sd_FDP,0.300000,CappedSpread,1,0.228552
TREX-DA+AR1: TAFS,mean_TPP,0.300000,Random,,0.956000
TREX-DA+AR1: TAFS,sd_TPP,0.300000,Random,,0.102550
TREX-DA+AR1: TAFS,mean_FDP,0.300000,Random,,0.092414
TREX-DA+AR1: TAFS,sd_FDP,0.300000,Random,,0.075722
TREX-DA+AR1: TAFS,mean_TPP,0.400000,CappedSpread,100,0.994500
TREX-DA+AR1: TAFS,sd_TPP,0.400000,CappedSpread,100,0.022855
TREX-DA+AR1: TAFS,mean_FDP,0.400000,CappedSpread,100,0.098245
TREX-DA+AR1: TAFS,sd_FDP,0.400000,CappedSpread,100,0.060927
TREX-DA+AR1: TAFS,mean_TPP,0.400000,CappedSpread,50,0.989500
TREX-DA+AR1: TAFS,sd_TPP,0.400000,CappedSpread,50,0.032326
TREX-DA+AR1: TAFS,mean_FDP,0.400000,CappedSpread,50,0.104415
TREX-DA+AR1: TAFS,sd_FDP,0.400000,CappedSpread,50,0.057882
TREX-DA+AR1: TAFS,mean_TPP,0.400000,CappedSpread,20,0.993500
TREX-DA+AR1: TAFS,sd_TPP,0.400000,CappedSpread,20,0.024714
TREX-DA+AR1: TAFS,mean_FDP,0.400000,CappedSpread,20,0.098796
TREX-DA+AR1: TAFS,sd_FDP,0.400000,CappedSpread,20,0.059118
TREX-DA+AR1: TAFS,mean_TPP,0.400000,CappedSpread,15,0.992000
TREX-DA+AR1: TAFS,sd_TPP,0.400000,CappedSpread,15,0.028986
TREX-DA+AR1: TAFS,mean_FDP,0.400000,CappedSpread,15,0.103835
TREX-DA+AR1: TAFS,sd_FDP,0.400000,CappedSpread,15,0.058915
TREX-DA+AR1: TAFS,mean_TPP,0.400000,CappedSpread,10,0.993000
TREX-DA+AR1: TAFS,sd_TPP,0.400000,CappedSpread,10,0.025579
TREX-DA+AR1: TAFS,mean_FDP,0.400000,CappedSpread,10,0.101030
TREX-DA+AR1: TAFS,sd_FDP,0.400000,CappedSpread,10,0.059153
TREX-DA+AR1: TAFS,mean_TPP,0.400000,CappedSpread,5,0.000000
TREX-DA+AR1: TAFS,sd_TPP,0.400000,CappedSpread,5,0.000000
TREX-DA+AR1: TAFS,mean_FDP,0.400000,CappedSpread,5,0.075000
TREX-DA+AR1: TAFS,sd_FDP,0.400000,CappedSpread,5,0.264052
TREX-DA+AR1: TAFS,mean_TPP,0.400000,CappedSpread,1,0.000000
TREX-DA+AR1: TAFS,sd_TPP,0.400000,CappedSpread,1,0.000000
TREX-DA+AR1: TAFS,mean_FDP,0.400000,CappedSpread,1,0.045000
TREX-DA+AR1: TAFS,sd_FDP,0.400000,CappedSpread,1,0.207824
TREX-DA+AR1: TAFS,mean_TPP,0.400000,Random,,0.943000
TREX-DA+AR1: TAFS,sd_TPP,0.400000,Random,,0.113204
TREX-DA+AR1: TAFS,mean_FDP,0.400000,Random,,0.088695
TREX-DA+AR1: TAFS,sd_FDP,0.400000,Random,,0.070408
TREX-DA+AR1: TAFS,mean_TPP,0.500000,CappedSpread,100,0.993500
TREX-DA+AR1: TAFS,sd_TPP,0.500000,CappedSpread,100,0.024714
TREX-DA+AR1: TAFS,mean_FDP,0.500000,CappedSpread,100,0.099447
TREX-DA+AR1: TAFS,sd_FDP,0.500000,CappedSpread,100,0.059999
TREX-DA+AR1: TAFS,mean_TPP,0.500000,CappedSpread,50,0.993000
TREX-DA+AR1: TAFS,sd_TPP,0.500000,CappedSpread,50,0.025579
TREX-DA+AR1: TAFS,mean_FDP,0.500000,CappedSpread,50,0.095610
TREX-DA+AR1: TAFS,sd_FDP,0.500000,CappedSpread,50,0.060502
TREX-DA+AR1: TAFS,mean_TPP,0.500000,CappedSpread,20,0.989500
TREX-DA+AR1: TAFS,sd_TPP,0.500000,CappedSpread,20,0.032326
TREX-DA+AR1: TAFS,mean_FDP,0.500000,CappedSpread,20,0.101427
TREX-DA+AR1: TAFS,sd_FDP,0.500000,CappedSpread,20,0.059811
TREX-DA+AR1: TAFS,mean_TPP,0.500000,CappedSpread,15,0.992000
TREX-DA+AR1: TAFS,sd_TPP,0.500000,CappedSpread,15,0.028986
TREX-DA+AR1: TAFS,mean_FDP,0.500000,CappedSpread,15,0.097939
TREX-DA+AR1: TAFS,sd_FDP,0.500000,CappedSpread,15,0.065639
TREX-DA+AR1: TAFS,mean_TPP,0.500000,CappedSpread,10,0.991500
TREX-DA+AR1: TAFS,sd_TPP,0.500000,CappedSpread,10,0.029701
TREX-DA+AR1: TAFS,mean_FDP,0.500000,CappedSpread,10,0.089930
TREX-DA+AR1: TAFS,sd_FDP,0.500000,CappedSpread,10,0.054370
TREX-DA+AR1: TAFS,mean_TPP,0.500000,CappedSpread,5,0.000000
TREX-DA+AR1: TAFS,sd_TPP,0.500000,CappedSpread,5,0.000000
TREX-DA+AR1: TAFS,mean_FDP,0.500000,CappedSpread,5,0.070000
TREX-DA+AR1: TAFS,sd_FDP,0.500000,CappedSpread,5,0.255787
TREX-DA+AR1: TAFS,mean_TPP,0.500000,CappedSpread,1,0.000000
TREX-DA+AR1: TAFS,sd_TPP,0.500000,CappedSpread,1,0.000000
TREX-DA+AR1: TAFS,mean_FDP,0.500000,CappedSpread,1,0.060000
TREX-DA+AR1: TAFS,sd_FDP,0.500000,CappedSpread,1,0.238083
TREX-DA+AR1: TAFS,mean_TPP,0.500000,Random,,0.927500
TREX-DA+AR1: TAFS,sd_TPP,0.500000,Random,,0.122756
TREX-DA+AR1: TAFS,mean_FDP,0.500000,Random,,0.077534
TREX-DA+AR1: TAFS,sd_FDP,0.500000,Random,,0.072523
TREX-DA+AR1: TAFS,mean_TPP,0.600000,CappedSpread,100,0.985500
TREX-DA+AR1: TAFS,sd_TPP,0.600000,CappedSpread,100,0.038039
TREX-DA+AR1: TAFS,mean_FDP,0.600000,CappedSpread,100,0.088096
TREX-DA+AR1: TAFS,sd_FDP,0.600000,CappedSpread,100,0.059273
TREX-DA+AR1: TAFS,mean_TPP,0.600000,CappedSpread,50,0.982500
TREX-DA+AR1: TAFS,sd_TPP,0.600000,CappedSpread,50,0.040645
TREX-DA+AR1: TAFS,mean_FDP,0.600000,CappedSpread,50,0.088551
TREX-DA+AR1: TAFS,sd_FDP,0.600000,CappedSpread,50,0.059710
TREX-DA+AR1: TAFS,mean_TPP,0.600000,CappedSpread,20,0.977000
TREX-DA+AR1: TAFS,sd_TPP,0.600000,CappedSpread,20,0.051811
TREX-DA+AR1: TAFS,mean_FDP,0.600000,CappedSpread,20,0.091417
TREX-DA+AR1: TAFS,sd_FDP,0.600000,CappedSpread,20,0.063186
TREX-DA+AR1: TAFS,mean_TPP,0.600000,CappedSpread,15,0.978500
TREX-DA+AR1: TAFS,sd_TPP,0.600000,CappedSpread,15,0.050998
TREX-DA+AR1: TAFS,mean_FDP,0.600000,CappedSpread,15,0.086186
TREX-DA+AR1: TAFS,sd_FDP,0.600000,CappedSpread,15,0.062458
TREX-DA+AR1: TAFS,mean_TPP,0.600000,CappedSpread,10,0.980500
TREX-DA+AR1: TAFS,sd_TPP,0.600000,CappedSpread,10,0.050820
TREX-DA+AR1: TAFS,mean_FDP,0.600000,CappedSpread,10,0.082699
TREX-DA+AR1: TAFS,sd_FDP,0.600000,CappedSpread,10,0.054373
TREX-DA+AR1: TAFS,mean_TPP,0.600000,CappedSpread,5,0.000000
TREX-DA+AR1: TAFS,sd_TPP,0.600000,CappedSpread,5,0.000000
TREX-DA+AR1: TAFS,mean_FDP,0.600000,CappedSpread,5,0.065000
TREX-DA+AR1: TAFS,sd_FDP,0.600000,CappedSpread,5,0.247144
TREX-DA+AR1: TAFS,mean_TPP,0.600000,CappedSpread,1,0.000000
TREX-DA+AR1: TAFS,sd_TPP,0.600000,CappedSpread,1,0.000000
TREX-DA+AR1: TAFS,mean_FDP,0.600000,CappedSpread,1,0.045000
TREX-DA+AR1: TAFS,sd_FDP,0.600000,CappedSpread,1,0.207824
TREX-DA+AR1: TAFS,mean_TPP,0.600000,Random,,0.884500
TREX-DA+AR1: TAFS,sd_TPP,0.600000,Random,,0.145657
TREX-DA+AR1: TAFS,mean_FDP,0.600000,Random,,0.067672
TREX-DA+AR1: TAFS,sd_FDP,0.600000,Random,,0.068149
TREX-DA+AR1: TAFS,mean_TPP,0.700000,CappedSpread,100,0.957500
TREX-DA+AR1: TAFS,sd_TPP,0.700000,CappedSpread,100,0.062154
TREX-DA+AR1: TAFS,mean_FDP,0.700000,CappedSpread,100,0.078635
TREX-DA+AR1: TAFS,sd_FDP,0.700000,CappedSpread,100,0.066630
TREX-DA+AR1: TAFS,mean_TPP,0.700000,CappedSpread,50,0.960500
TREX-DA+AR1: TAFS,sd_TPP,0.700000,CappedSpread,50,0.064891
TREX-DA+AR1: TAFS,mean_FDP,0.700000,CappedSpread,50,0.074367
TREX-DA+AR1: TAFS,sd_FDP,0.700000,CappedSpread,50,0.061562
TREX-DA+AR1: TAFS,mean_TPP,0.700000,CappedSpread,20,0.952000
TREX-DA+AR1: TAFS,sd_TPP,0.700000,CappedSpread,20,0.072264
TREX-DA+AR1: TAFS,mean_FDP,0.700000,CappedSpread,20,0.081316
TREX-DA+AR1: TAFS,sd_FDP,0.700000,CappedSpread,20,0.068274
TREX-DA+AR1: TAFS,mean_TPP,0.700000,CappedSpread,15,0.946000
TREX-DA+AR1: TAFS,sd_TPP,0.700000,CappedSpread,15,0.081961
TREX-DA+AR1: TAFS,mean_FDP,0.700000,CappedSpread,15,0.083214
TREX-DA+AR1: TAFS,sd_FDP,0.700000,CappedSpread,15,0.067245
TREX-DA+AR1: TAFS,mean_TPP,0.700000,CappedSpread,10,0.000000
TREX-DA+AR1: TAFS,sd_TPP,0.700000,CappedSpread,10,0.000000
TREX-DA+AR1: TAFS,mean_FDP,0.700000,CappedSpread,10,0.055000
TREX-DA+AR1: TAFS,sd_FDP,0.700000,CappedSpread,10,0.228552
TREX-DA+AR1: TAFS,mean_TPP,0.700000,CappedSpread,5,0.000000
TREX-DA+AR1: TAFS,sd_TPP,0.700000,CappedSpread,5,0.000000
TREX-DA+AR1: TAFS,mean_FDP,0.700000,CappedSpread,5,0.045000
TREX-DA+AR1: TAFS,sd_FDP,0.700000,CappedSpread,5,0.207824
TREX-DA+AR1: TAFS,mean_TPP,0.700000,CappedSpread,1,0.000000
TREX-DA+AR1: TAFS,sd_TPP,0.700000,CappedSpread,1,0.000000
TREX-DA+AR1: TAFS,mean_FDP,0.700000,CappedSpread,1,0.025000
TREX-DA+AR1: TAFS,sd_FDP,0.700000,CappedSpread,1,0.156517
TREX-DA+AR1: TAFS,mean_TPP,0.700000,Random,,0.797000
TREX-DA+AR1: TAFS,sd_TPP,0.700000,Random,,0.170989
TREX-DA+AR1: TAFS,mean_FDP,0.700000,Random,,0.056691
TREX-DA+AR1: TAFS,sd_FDP,0.700000,Random,,0.067543
TREX-DA+AR1: TAFS,mean_TPP,0.800000,CappedSpread,100,0.887500
TREX-DA+AR1: TAFS,sd_TPP,0.800000,CappedSpread,100,0.102206
TREX-DA+AR1: TAFS,mean_FDP,0.800000,CappedSpread,100,0.084188
TREX-DA+AR1: TAFS,sd_FDP,0.800000,CappedSpread,100,0.078397
TREX-DA+AR1: TAFS,mean_TPP,0.800000,CappedSpread,50,0.873500
TREX-DA+AR1: TAFS,sd_TPP,0.800000,CappedSpread,50,0.121745
TREX-DA+AR1: TAFS,mean_FDP,0.800000,CappedSpread,50,0.088222
TREX-DA+AR1: TAFS,sd_FDP,0.800000,CappedSpread,50,0.080947
TREX-DA+AR1: TAFS,mean_TPP,0.800000,CappedSpread,20,0.842000
TREX-DA+AR1: TAFS,sd_TPP,0.800000,CappedSpread,20,0.131997
TREX-DA+AR1: TAFS,mean_FDP,0.800000,CappedSpread,20,0.070788
TREX-DA+AR1: TAFS,sd_FDP,0.800000,CappedSpread,20,0.074966
TREX-DA+AR1: TAFS,mean_TPP,0.800000,CappedSpread,15,0.000000
TREX-DA+AR1: TAFS,sd_TPP,0.800000,CappedSpread,15,0.000000
TREX-DA+AR1: TAFS,mean_FDP,0.800000,CappedSpread,15,0.040000
TREX-DA+AR1: TAFS,sd_FDP,0.800000,CappedSpread,15,0.196451
TREX-DA+AR1: TAFS,mean_TPP,0.800000,CappedSpread,10,0.000000
TREX-DA+AR1: TAFS,sd_TPP,0.800000,CappedSpread,10,0.000000
TREX-DA+AR1: TAFS,mean_FDP,0.800000,CappedSpread,10,0.045000
TREX-DA+AR1: TAFS,sd_FDP,0.800000,CappedSpread,10,0.207824
TREX-DA+AR1: TAFS,mean_TPP,0.800000,CappedSpread,5,0.000000
TREX-DA+AR1: TAFS,sd_TPP,0.800000,CappedSpread,5,0.000000
TREX-DA+AR1: TAFS,mean_FDP,0.800000,CappedSpread,5,0.015000
TREX-DA+AR1: TAFS,sd_FDP,0.800000,CappedSpread,5,0.121857
TREX-DA+AR1: TAFS,mean_TPP,0.800000,CappedSpread,1,0.000000
TREX-DA+AR1: TAFS,sd_TPP,0.800000,CappedSpread,1,0.000000
TREX-DA+AR1: TAFS,mean_FDP,0.800000,CappedSpread,1,0.025000
TREX-DA+AR1: TAFS,sd_FDP,0.800000,CappedSpread,1,0.156517
TREX-DA+AR1: TAFS,mean_TPP,0.800000,Random,,0.619000
TREX-DA+AR1: TAFS,sd_TPP,0.800000,Random,,0.197061
TREX-DA+AR1: TAFS,mean_FDP,0.800000,Random,,0.068780
TREX-DA+AR1: TAFS,sd_FDP,0.800000,Random,,0.099249
TREX-DA+AR1: TAFS,mean_TPP,0.900000,CappedSpread,100,0.662000
TREX-DA+AR1: TAFS,sd_TPP,0.900000,CappedSpread,100,0.154517
TREX-DA+AR1: TAFS,mean_FDP,0.900000,CappedSpread,100,0.151965
TREX-DA+AR1: TAFS,sd_FDP,0.900000,CappedSpread,100,0.128079
TREX-DA+AR1: TAFS,mean_TPP,0.900000,CappedSpread,50,0.637500
TREX-DA+AR1: TAFS,sd_TPP,0.900000,CappedSpread,50,0.168182
TREX-DA+AR1: TAFS,mean_FDP,0.900000,CappedSpread,50,0.181239
TREX-DA+AR1: TAFS,sd_FDP,0.900000,CappedSpread,50,0.141029
TREX-DA+AR1: TAFS,mean_TPP,0.900000,CappedSpread,20,0.001000
TREX-DA+AR1: TAFS,sd_TPP,0.900000,CappedSpread,20,0.009975
TREX-DA+AR1: TAFS,mean_FDP,0.900000,CappedSpread,20,0.030000
TREX-DA+AR1: TAFS,sd_FDP,0.900000,CappedSpread,20,0.171015
TREX-DA+AR1: TAFS,mean_TPP,0.900000,CappedSpread,15,0.000000
TREX-DA+AR1: TAFS,sd_TPP,0.900000,CappedSpread,15,0.000000
TREX-DA+AR1: TAFS,mean_FDP,0.900000,CappedSpread,15,0.020000
TREX-DA+AR1: TAFS,sd_FDP,0.900000,CappedSpread,15,0.140351
TREX-DA+AR1: TAFS,mean_TPP,0.900000,CappedSpread,10,0.000000
TREX-DA+AR1: TAFS,sd_TPP,0.900000,CappedSpread,10,0.000000
TREX-DA+AR1: TAFS,mean_FDP,0.900000,CappedSpread,10,0.010000
TREX-DA+AR1: TAFS,sd_FDP,0.900000,CappedSpread,10,0.099748
TREX-DA+AR1: TAFS,mean_TPP,0.900000,CappedSpread,5,0.000000
TREX-DA+AR1: TAFS,sd_TPP,0.900000,CappedSpread,5,0.000000
TREX-DA+AR1: TAFS,mean_FDP,0.900000,CappedSpread,5,0.005000
TREX-DA+AR1: TAFS,sd_FDP,0.900000,CappedSpread,5,0.070711
TREX-DA+AR1: TAFS,mean_TPP,0.900000,CappedSpread,1,0.000000
TREX-DA+AR1: TAFS,sd_TPP,0.900000,CappedSpread,1,0.000000
TREX-DA+AR1: TAFS,mean_FDP,0.900000,CappedSpread,1,0.010000
TREX-DA+AR1: TAFS,sd_FDP,0.900000,CappedSpread,1,0.099748
TREX-DA+AR1: TAFS,mean_TPP,0.900000,Random,,0.311000
TREX-DA+AR1: TAFS,sd_TPP,0.900000,Random,,0.169477
TREX-DA+AR1: TAFS,mean_FDP,0.900000,Random,,0.177550
TREX-DA+AR1: TAFS,sd_FDP,0.900000,Random,,0.215367
TREX-DA+AR1: TOMP,mean_TPP,0.000000,CappedSpread,100,0.998500
TREX-DA+AR1: TOMP,sd_TPP,0.000000,CappedSpread,100,0.012186
TREX-DA+AR1: TOMP,mean_FDP,0.000000,CappedSpread,100,0.092011
TREX-DA+AR1: TOMP,sd_FDP,0.000000,CappedSpread,100,0.056961
TREX-DA+AR1: TOMP,mean_TPP,0.000000,CappedSpread,50,0.999500
TREX-DA+AR1: TOMP,sd_TPP,0.000000,CappedSpread,50,0.007071
TREX-DA+AR1: TOMP,mean_FDP,0.000000,CappedSpread,50,0.093889
TREX-DA+AR1: TOMP,sd_FDP,0.000000,CappedSpread,50,0.059920
TREX-DA+AR1: TOMP,mean_TPP,0.000000,CappedSpread,20,0.999500
TREX-DA+AR1: TOMP,sd_TPP,0.000000,CappedSpread,20,0.007071
TREX-DA+AR1: TOMP,mean_FDP,0.000000,CappedSpread,20,0.093465
TREX-DA+AR1: TOMP,sd_FDP,0.000000,CappedSpread,20,0.063082
TREX-DA+AR1: TOMP,mean_TPP,0.000000,CappedSpread,15,0.999000
TREX-DA+AR1: TOMP,sd_TPP,0.000000,CappedSpread,15,0.009975
TREX-DA+AR1: TOMP,mean_FDP,0.000000,CappedSpread,15,0.096565
TREX-DA+AR1: TOMP,sd_FDP,0.000000,CappedSpread,15,0.063841
TREX-DA+AR1: TOMP,mean_TPP,0.000000,CappedSpread,10,0.998000
TREX-DA+AR1: TOMP,sd_TPP,0.000000,CappedSpread,10,0.014035
TREX-DA+AR1: TOMP,mean_FDP,0.000000,CappedSpread,10,0.094690
TREX-DA+AR1: TOMP,sd_FDP,0.000000,CappedSpread,10,0.061674
TREX-DA+AR1: TOMP,mean_TPP,0.000000,CappedSpread,5,0.999000
TREX-DA+AR1: TOMP,sd_TPP,0.000000,CappedSpread,5,0.009975
TREX-DA+AR1: TOMP,mean_FDP,0.000000,CappedSpread,5,0.096401
TREX-DA+AR1: TOMP,sd_FDP,0.000000,CappedSpread,5,0.062903
TREX-DA+AR1: TOMP,mean_TPP,0.000000,CappedSpread,1,0.000000
TREX-DA+AR1: TOMP,sd_TPP,0.000000,CappedSpread,1,0.000000
TREX-DA+AR1: TOMP,mean_FDP,0.000000,CappedSpread,1,0.050000
TREX-DA+AR1: TOMP,sd_FDP,0.000000,CappedSpread,1,0.218492
TREX-DA+AR1: TOMP,mean_TPP,0.000000,Random,,0.993000
TREX-DA+AR1: TOMP,sd_TPP,0.000000,Random,,0.038188
TREX-DA+AR1: TOMP,mean_FDP,0.000000,Random,,0.083057
TREX-DA+AR1: TOMP,sd_FDP,0.000000,Random,,0.065087
TREX-DA+AR1: TOMP,mean_TPP,0.100000,CappedSpread,100,0.998000
TREX-DA+AR1: TOMP,sd_TPP,0.100000,CappedSpread,100,0.014035
TREX-DA+AR1: TOMP,mean_FDP,0.100000,CappedSpread,100,0.092041
TREX-DA+AR1: TOMP,sd_FDP,0.100000,CappedSpread,100,0.057273
TREX-DA+AR1: TOMP,mean_TPP,0.100000,CappedSpread,50,0.999500
TREX-DA+AR1: TOMP,sd_TPP,0.100000,CappedSpread,50,0.007071
TREX-DA+AR1: TOMP,mean_FDP,0.100000,CappedSpread,50,0.089439
TREX-DA+AR1: TOMP,sd_FDP,0.100000,CappedSpread,50,0.059813
TREX-DA+AR1: TOMP,mean_TPP,0.100000,CappedSpread,20,0.999000
TREX-DA+AR1: TOMP,sd_TPP,0.100000,CappedSpread,20,0.009975
TREX-DA+AR1: TOMP,mean_FDP,0.100000,CappedSpread,20,0.091858
TREX-DA+AR1: TOMP,sd_FDP,0.100000,CappedSpread,20,0.062147
TREX-DA+AR1: TOMP,mean_TPP,0.100000,CappedSpread,15,0.999000
TREX-DA+AR1: TOMP,sd_TPP,0.100000,CappedSpread,15,0.009975
TREX-DA+AR1: TOMP,mean_FDP,0.100000,CappedSpread,15,0.094978
TREX-DA+AR1: TOMP,sd_FDP,0.100000,CappedSpread,15,0.068523
TREX-DA+AR1: TOMP,mean_TPP,0.100000,CappedSpread,10,0.998000
TREX-DA+AR1: TOMP,sd_TPP,0.100000,CappedSpread,10,0.014035
TREX-DA+AR1: TOMP,mean_FDP,0.100000,CappedSpread,10,0.091902
TREX-DA+AR1: TOMP,sd_FDP,0.100000,CappedSpread,10,0.061816
TREX-DA+AR1: TOMP,mean_TPP,0.100000,CappedSpread,5,0.999000
TREX-DA+AR1: TOMP,sd_TPP,0.100000,CappedSpread,5,0.009975
TREX-DA+AR1: TOMP,mean_FDP,0.100000,CappedSpread,5,0.088127
TREX-DA+AR1: TOMP,sd_FDP,0.100000,CappedSpread,5,0.063910
TREX-DA+AR1: TOMP,mean_TPP,0.100000,CappedSpread,1,0.000000
TREX-DA+AR1: TOMP,sd_TPP,0.100000,CappedSpread,1,0.000000
TREX-DA+AR1: TOMP,mean_FDP,0.100000,CappedSpread,1,0.060000
TREX-DA+AR1: TOMP,sd_FDP,0.100000,CappedSpread,1,0.238083
TREX-DA+AR1: TOMP,mean_TPP,0.100000,Random,,0.980000
TREX-DA+AR1: TOMP,sd_TPP,0.100000,Random,,0.067250
TREX-DA+AR1: TOMP,mean_FDP,0.100000,Random,,0.082342
TREX-DA+AR1: TOMP,sd_FDP,0.100000,Random,,0.066038
TREX-DA+AR1: TOMP,mean_TPP,0.200000,CappedSpread,100,0.999000
TREX-DA+AR1: TOMP,sd_TPP,0.200000,CappedSpread,100,0.009975
TREX-DA+AR1: TOMP,mean_FDP,0.200000,CappedSpread,100,0.088290
TREX-DA+AR1: TOMP,sd_FDP,0.200000,CappedSpread,100,0.062515
TREX-DA+AR1: TOMP,mean_TPP,0.200000,CappedSpread,50,0.997000
TREX-DA+AR1: TOMP,sd_TPP,0.200000,CappedSpread,50,0.017102
TREX-DA+AR1: TOMP,mean_FDP,0.200000,CappedSpread,50,0.093400
TREX-DA+AR1: TOMP,sd_FDP,0.200000,CappedSpread,50,0.061980
TREX-DA+AR1: TOMP,mean_TPP,0.200000,CappedSpread,20,0.997500
TREX-DA+AR1: TOMP,sd_TPP,0.200000,CappedSpread,20,0.015652
TREX-DA+AR1: TOMP,mean_FDP,0.200000,CappedSpread,20,0.092151
TREX-DA+AR1: TOMP,sd_FDP,0.200000,CappedSpread,20,0.063661
TREX-DA+AR1: TOMP,mean_TPP,0.200000,CappedSpread,15,0.999500
TREX-DA+AR1: TOMP,sd_TPP,0.200000,CappedSpread,15,0.007071
TREX-DA+AR1: TOMP,mean_FDP,0.200000,CappedSpread,15,0.087664
TREX-DA+AR1: TOMP,sd_FDP,0.200000,CappedSpread,15,0.062337
TREX-DA+AR1: TOMP,mean_TPP,0.200000,CappedSpread,10,0.997000
TREX-DA+AR1: TOMP,sd_TPP,0.200000,CappedSpread,10,0.017102
TREX-DA+AR1: TOMP,mean_FDP,0.200000,CappedSpread,10,0.086827
TREX-DA+AR1: TOMP,sd_FDP,0.200000,CappedSpread,10,0.062882
TREX-DA+AR1: TOMP,mean_TPP,0.200000,CappedSpread,5,0.997500
TREX-DA+AR1: TOMP,sd_TPP,0.200000,CappedSpread,5,0.021118
TREX-DA+AR1: TOMP,mean_FDP,0.200000,CappedSpread,5,0.092776
TREX-DA+AR1: TOMP,sd_FDP,0.200000,CappedSpread,5,0.067609
TREX-DA+AR1: TOMP,mean_TPP,0.200000,CappedSpread,1,0.000000
TREX-DA+AR1: TOMP,sd_TPP,0.200000,CappedSpread,1,0.000000
TREX-DA+AR1: TOMP,mean_FDP,0.200000,CappedSpread,1,0.050000
TREX-DA+AR1: TOMP,sd_FDP,0.200000,CappedSpread,1,0.218492
TREX-DA+AR1: TOMP,mean_TPP,0.200000,Random,,0.971500
TREX-DA+AR1: TOMP,sd_TPP,0.200000,Random,,0.081059
TREX-DA+AR1: TOMP,mean_FDP,0.200000,Random,,0.076463
TREX-DA+AR1: TOMP,sd_FDP,0.200000,Random,,0.067593
TREX-DA+AR1: TOMP,mean_TPP,0.300000,CappedSpread,100,0.997500
TREX-DA+AR1: TOMP,sd_TPP,0.300000,CappedSpread,100,0.015652
TREX-DA+AR1: TOMP,mean_FDP,0.300000,CappedSpread,100,0.088429
TREX-DA+AR1: TOMP,sd_FDP,0.300000,CappedSpread,100,0.059431
TREX-DA+AR1: TOMP,mean_TPP,0.300000,CappedSpread,50,0.998500
TREX-DA+AR1: TOMP,sd_TPP,0.300000,CappedSpread,50,0.012186
TREX-DA+AR1: TOMP,mean_FDP,0.300000,CappedSpread,50,0.087870
TREX-DA+AR1: TOMP,sd_FDP,0.300000,CappedSpread,50,0.060869
TREX-DA+AR1: TOMP,mean_TPP,0.300000,CappedSpread,20,0.998500
TREX-DA+AR1: TOMP,sd_TPP,0.300000,CappedSpread,20,0.012186
TREX-DA+AR1: TOMP,mean_FDP,0.300000,CappedSpread,20,0.086573
TREX-DA+AR1: TOMP,sd_FDP,0.300000,CappedSpread,20,0.063056
TREX-DA+AR1: TOMP,mean_TPP,0.300000,CappedSpread,15,0.999500
TREX-DA+AR1: TOMP,sd_TPP,0.300000,CappedSpread,15,0.007071
TREX-DA+AR1: TOMP,mean_FDP,0.300000,CappedSpread,15,0.090677
TREX-DA+AR1: TOMP,sd_FDP,0.300000,CappedSpread,15,0.066979
TREX-DA+AR1: TOMP,mean_TPP,0.300000,CappedSpread,10,0.996000
TREX-DA+AR1: TOMP,sd_TPP,0.300000,CappedSpread,10,0.019645
TREX-DA+AR1: TOMP,mean_FDP,0.300000,CappedSpread,10,0.084335
TREX-DA+AR1: TOMP,sd_FDP,0.300000,CappedSpread,10,0.061496
TREX-DA+AR1: TOMP,mean_TPP,0.300000,CappedSpread,5,1.000000
TREX-DA+AR1: TOMP,sd_TPP,0.300000,CappedSpread,5,0.000000
TREX-DA+AR1: TOMP,mean_FDP,0.300000,CappedSpread,5,0.088159
TREX-DA+AR1: TOMP,sd_FDP,0.300000,CappedSpread,5,0.064760
TREX-DA+AR1: TOMP,mean_TPP,0.300000,CappedSpread,1,0.000000
TREX-DA+AR1: TOMP,sd_TPP,0.300000,CappedSpread,1,0.000000
TREX-DA+AR1: TOMP,mean_FDP,0.300000,CappedSpread,1,0.045000
TREX-DA+AR1: TOMP,sd_FDP,0.300000,CappedSpread,1,0.207824
TREX-DA+AR1: TOMP,mean_TPP,0.300000,Random,,0.967500
TREX-DA+AR1: TOMP,sd_TPP,0.300000,Random,,0.091847
TREX-DA+AR1: TOMP,mean_FDP,0.300000,Random,,0.073081
TREX-DA+AR1: TOMP,sd_FDP,0.300000,Random,,0.069502
TREX-DA+AR1: TOMP,mean_TPP,0.400000,CappedSpread,100,0.998000
TREX-DA+AR1: TOMP,sd_TPP,0.400000,CappedSpread,100,0.014035
TREX-DA+AR1: TOMP,mean_FDP,0.400000,CappedSpread,100,0.088749
TREX-DA+AR1: TOMP,sd_FDP,0.400000,CappedSpread,100,0.057591
TREX-DA+AR1: TOMP,mean_TPP,0.400000,CappedSpread,50,0.998500
TREX-DA+AR1: TOMP,sd_TPP,0.400000,CappedSpread,50,0.012186
TREX-DA+AR1: TOMP,mean_FDP,0.400000,CappedSpread,50,0.083744
TREX-DA+AR1: TOMP,sd_FDP,0.400000,CappedSpread,50,0.060609
TREX-DA+AR1: TOMP,mean_TPP,0.400000,CappedSpread,20,0.999500
TREX-DA+AR1: TOMP,sd_TPP,0.400000,CappedSpread,20,0.007071
TREX-DA+AR1: TOMP,mean_FDP,0.400000,CappedSpread,20,0.084895
TREX-DA+AR1: TOMP,sd_FDP,0.400000,CappedSpread,20,0.062084
TREX-DA+AR1: TOMP,mean_TPP,0.400000,CappedSpread,15,0.999000
TREX-DA+AR1: TOMP,sd_TPP,0.400000,CappedSpread,15,0.009975
TREX-DA+AR1: TOMP,mean_FDP,0.400000,CappedSpread,15,0.088541
TREX-DA+AR1: TOMP,sd_FDP,0.400000,CappedSpread,15,0.065677
TREX-DA+AR1: TOMP,mean_TPP,0.400000,CappedSpread,10,0.997500
TREX-DA+AR1: TOMP,sd_TPP,0.400000,CappedSpread,10,0.015652
TREX-DA+AR1: TOMP,mean_FDP,0.400000,CappedSpread,10,0.088105
TREX-DA+AR1: TOMP,sd_FDP,0.400000,CappedSpread,10,0.062222
TREX-DA+AR1: TOMP,mean_TPP,0.400000,CappedSpread,5,0.000000
TREX-DA+AR1: TOMP,sd_TPP,0.400000,CappedSpread,5,0.000000
TREX-DA+AR1: TOMP,mean_FDP,0.400000,CappedSpread,5,0.070000
TREX-DA+AR1: TOMP,sd_FDP,0.400000,CappedSpread,5,0.255787
TREX-DA+AR1: TOMP,mean_TPP,0.400000,CappedSpread,1,0.000000
TREX-DA+AR1: TOMP,sd_TPP,0.400000,CappedSpread,1,0.000000
TREX-DA+AR1: TOMP,mean_FDP,0.400000,CappedSpread,1,0.060000
TREX-DA+AR1: TOMP,sd_FDP,0.400000,CappedSpread,1,0.238083
TREX-DA+AR1: TOMP,mean_TPP,0.400000,Random,,0.949000
TREX-DA+AR1: TOMP,sd_TPP,0.400000,Random,,0.112527
TREX-DA+AR1: TOMP,mean_FDP,0.400000,Random,,0.076887
TREX-DA+AR1: TOMP,sd_FDP,0.400000,Random,,0.071655
TREX-DA+AR1: TOMP,mean_TPP,0.500000,CappedSpread,100,0.997000
TREX-DA+AR1: TOMP,sd_TPP,0.500000,CappedSpread,100,0.017102
TREX-DA+AR1: TOMP,mean_FDP,0.500000,CappedSpread,100,0.084155
TREX-DA+AR1: TOMP,sd_FDP,0.500000,CappedSpread,100,0.061424
TREX-DA+AR1: TOMP,mean_TPP,0.500000,CappedSpread,50,0.997500
TREX-DA+AR1: TOMP,sd_TPP,0.500000,CappedSpread,50,0.015652
TREX-DA+AR1: TOMP,mean_FDP,0.500000,CappedSpread,50,0.079462
TREX-DA+AR1: TOMP,sd_FDP,0.500000,CappedSpread,50,0.056238
TREX-DA+AR1: TOMP,mean_TPP,0.500000,CappedSpread,20,0.996000
TREX-DA+AR1: TOMP,sd_TPP,0.500000,CappedSpread,20,0.022055
TREX-DA+AR1: TOMP,mean_FDP,0.500000,CappedSpread,20,0.076782
TREX-DA+AR1: TOMP,sd_FDP,0.500000,CappedSpread,20,0.058588
TREX-DA+AR1: TOMP,mean_TPP,0.500000,CappedSpread,15,0.997500
TREX-DA+AR1: TOMP,sd_TPP,0.500000,CappedSpread,15,0.015652
TREX-DA+AR1: TOMP,mean_FDP,0.500000,CappedSpread,15,0.081535
TREX-DA+AR1: TOMP,sd_FDP,0.500000,CappedSpread,15,0.060659
TREX-DA+AR1: TOMP,mean_TPP,0.500000,CappedSpread,10,0.999000
TREX-DA+AR1: TOMP,sd_TPP,0.500000,CappedSpread,10,0.009975
TREX-DA+AR1: TOMP,mean_FDP,0.500000,CappedSpread,10,0.078052
TREX-DA+AR1: TOMP,sd_FDP,0.500000,CappedSpread,10,0.058178
TREX-DA+AR1: TOMP,mean_TPP,0.500000,CappedSpread,5,0.000000
TREX-DA+AR1: TOMP,sd_TPP,0.500000,CappedSpread,5,0.000000
TREX-DA+AR1: TOMP,mean_FDP,0.500000,CappedSpread,5,0.085000
TREX-DA+AR1: TOMP,sd_FDP,0.500000,CappedSpread,5,0.279582
TREX-DA+AR1: TOMP,mean_TPP,0.500000,CappedSpread,1,0.000000
TREX-DA+AR1: TOMP,sd_TPP,0.500000,CappedSpread,1,0.000000
TREX-DA+AR1: TOMP,mean_FDP,0.500000,CappedSpread,1,0.030000
TREX-DA+AR1: TOMP,sd_FDP,0.500000,CappedSpread,1,0.171015
TREX-DA+AR1: TOMP,mean_TPP,0.500000,Random,,0.950500
TREX-DA+AR1: TOMP,sd_TPP,0.500000,Random,,0.114303
TREX-DA+AR1: TOMP,mean_FDP,0.500000,Random,,0.063853
TREX-DA+AR1: TOMP,sd_FDP,0.500000,Random,,0.067498
TREX-DA+AR1: TOMP,mean_TPP,0.600000,CappedSpread,100,0.991000
TREX-DA+AR1: TOMP,sd_TPP,0.600000,CappedSpread,100,0.028690
TREX-DA+AR1: TOMP,mean_FDP,0.600000,CappedSpread,100,0.074733
TREX-DA+AR1: TOMP,sd_FDP,0.600000,CappedSpread,100,0.061040
TREX-DA+AR1: TOMP,mean_TPP,0.600000,CappedSpread,50,0.991500
TREX-DA+AR1: TOMP,sd_TPP,0.600000,CappedSpread,50,0.031347
TREX-DA+AR1: TOMP,mean_FDP,0.600000,CappedSpread,50,0.076600
TREX-DA+AR1: TOMP,sd_FDP,0.600000,CappedSpread,50,0.057634
TREX-DA+AR1: TOMP,mean_TPP,0.600000,CappedSpread,20,0.988500
TREX-DA+AR1: TOMP,sd_TPP,0.600000,CappedSpread,20,0.034984
TREX-DA+AR1: TOMP,mean_FDP,0.600000,CappedSpread,20,0.069742
TREX-DA+AR1: TOMP,sd_FDP,0.600000,CappedSpread,20,0.061204
TREX-DA+AR1: TOMP,mean_TPP,0.600000,CappedSpread,15,0.990000
TREX-DA+AR1: TOMP,sd_TPP,0.600000,CappedSpread,15,0.033249
TREX-DA+AR1: TOMP,mean_FDP,0.600000,CappedSpread,15,0.071984
TREX-DA+AR1: TOMP,sd_FDP,0.600000,CappedSpread,15,0.062740
TREX-DA+AR1: TOMP,mean_TPP,0.600000,CappedSpread,10,0.993500
TREX-DA+AR1: TOMP,sd_TPP,0.600000,CappedSpread,10,0.028492
TREX-DA+AR1: TOMP,mean_FDP,0.600000,CappedSpread,10,0.070874
TREX-DA+AR1: TOMP,sd_FDP,0.600000,CappedSpread,10,0.057287
TREX-DA+AR1: TOMP,mean_TPP,0.600000,CappedSpread,5,0.000000
TREX-DA+AR1: TOMP,sd_TPP,0.600000,CappedSpread,5,0.000000
TREX-DA+AR1: TOMP,mean_FDP,0.600000,CappedSpread,5,0.085000
TREX-DA+AR1: TOMP,sd_FDP,0.600000,CappedSpread,5,0.279582
TREX-DA+AR1: TOMP,mean_TPP,0.600000,CappedSpread,1,0.000000
TREX-DA+AR1: TOMP,sd_TPP,0.600000,CappedSpread,1,0.000000
TREX-DA+AR1: TOMP,mean_FDP,0.600000,CappedSpread,1,0.020000
TREX-DA+AR1: TOMP,sd_FDP,0.600000,CappedSpread,1,0.140351
TREX-DA+AR1: TOMP,mean_TPP,0.600000,Random,,0.919000
TREX-DA+AR1: TOMP,sd_TPP,0.600000,Random,,0.138691
TREX-DA+AR1: TOMP,mean_FDP,0.600000,Random,,0.056248
TREX-DA+AR1: TOMP,sd_FDP,0.600000,Random,,0.062412
TREX-DA+AR1: TOMP,mean_TPP,0.700000,CappedSpread,100,0.971500
TREX-DA+AR1: TOMP,sd_TPP,0.700000,CappedSpread,100,0.051488
TREX-DA+AR1: TOMP,mean_FDP,0.700000,CappedSpread,100,0.065197
TREX-DA+AR1: TOMP,sd_FDP,0.700000,CappedSpread,100,0.063571
TREX-DA+AR1: TOMP,mean_TPP,0.700000,CappedSpread,50,0.974000
TREX-DA+AR1: TOMP,sd_TPP,0.700000,CappedSpread,50,0.055129
TREX-DA+AR1: TOMP,mean_FDP,0.700000,CappedSpread,50,0.064356
TREX-DA+AR1: TOMP,sd_FDP,0.700000,CappedSpread,50,0.062258
TREX-DA+AR1: TOMP,mean_TPP,0.700000,CappedSpread,20,0.967000
TREX-DA+AR1: TOMP,sd_TPP,0.700000,CappedSpread,20,0.056808
TREX-DA+AR1: TOMP,mean_FDP,0.700000,CappedSpread,20,0.066104
TREX-DA+AR1: TOMP,sd_FDP,0.700000,CappedSpread,20,0.063363
TREX-DA+AR1: TOMP,mean_TPP,0.700000,CappedSpread,15,0.961500
TREX-DA+AR1: TOMP,sd_TPP,0.700000,CappedSpread,15,0.069222
TREX-DA+AR1: TOMP,mean_FDP,0.700000,CappedSpread,15,0.068757
TREX-DA+AR1: TOMP,sd_FDP,0.700000,CappedSpread,15,0.062191
TREX-DA+AR1: TOMP,mean_TPP,0.700000,CappedSpread,10,0.000000
TREX-DA+AR1: TOMP,sd_TPP,0.700000,CappedSpread,10,0.000000
TREX-DA+AR1: TOMP,mean_FDP,0.700000,CappedSpread,10,0.070000
TREX-DA+AR1: TOMP,sd_FDP,0.700000,CappedSpread,10,0.255787
TREX-DA+AR1: TOMP,mean_TPP,0.700000,CappedSpread,5,0.000000
TREX-DA+AR1: TOMP,sd_TPP,0.700000,CappedSpread,5,0.000000
TREX-DA+AR1: TOMP,mean_FDP,0.700000,CappedSpread,5,0.055000
TREX-DA+AR1: TOMP,sd_FDP,0.700000,CappedSpread,5,0.228552
TREX-DA+AR1: TOMP,mean_TPP,0.700000,CappedSpread,1,0.000000
TREX-DA+AR1: TOMP,sd_TPP,0.700000,CappedSpread,1,0.000000
TREX-DA+AR1: TOMP,mean_FDP,0.700000,CappedSpread,1,0.020000
TREX-DA+AR1: TOMP,sd_FDP,0.700000,CappedSpread,1,0.140351
TREX-DA+AR1: TOMP,mean_TPP,0.700000,Random,,0.824500
TREX-DA+AR1: TOMP,sd_TPP,0.700000,Random,,0.171161
TREX-DA+AR1: TOMP,mean_FDP,0.700000,Random,,0.052657
TREX-DA+AR1: TOMP,sd_FDP,0.700000,Random,,0.069029
TREX-DA+AR1: TOMP,mean_TPP,0.800000,CappedSpread,100,0.915000
TREX-DA+AR1: TOMP,sd_TPP,0.800000,CappedSpread,100,0.084918
TREX-DA+AR1: TOMP,mean_FDP,0.800000,CappedSpread,100,0.081172
TREX-DA+AR1: TOMP,sd_FDP,0.800000,CappedSpread,100,0.079228
TREX-DA+AR1: TOMP,mean_TPP,0.800000,CappedSpread,50,0.898000
TREX-DA+AR1: TOMP,sd_TPP,0.800000,CappedSpread,50,0.103195
TREX-DA+AR1: TOMP,mean_FDP,0.800000,CappedSpread,50,0.076772
TREX-DA+AR1: TOMP,sd_FDP,0.800000,CappedSpread,50,0.075271
TREX-DA+AR1: TOMP,mean_TPP,0.800000,CappedSpread,20,0.887000
TREX-DA+AR1: TOMP,sd_TPP,0.800000,CappedSpread,20,0.120431
TREX-DA+AR1: TOMP,mean_FDP,0.800000,CappedSpread,20,0.067711
TREX-DA+AR1: TOMP,sd_FDP,0.800000,CappedSpread,20,0.072536
TREX-DA+AR1: TOMP,mean_TPP,0.800000,CappedSpread,15,0.000000
TREX-DA+AR1: TOMP,sd_TPP,0.800000,CappedSpread,15,0.000000
TREX-DA+AR1: TOMP,mean_FDP,0.800000,CappedSpread,15,0.045000
TREX-DA+AR1: TOMP,sd_FDP,0.800000,CappedSpread,15,0.207824
TREX-DA+AR1: TOMP,mean_TPP,0.800000,CappedSpread,10,0.000500
TREX-DA+AR1: TOMP,sd_TPP,0.800000,CappedSpread,10,0.007071
TREX-DA+AR1: TOMP,mean_FDP,0.800000,CappedSpread,10,0.045000
TREX-DA+AR1: TOMP,sd_FDP,0.800000,CappedSpread,10,0.207824
TREX-DA+AR1: TOMP,mean_TPP,0.800000,CappedSpread,5,0.000000
TREX-DA+AR1: TOMP,sd_TPP,0.800000,CappedSpread,5,0.000000
TREX-DA+AR1: TOMP,mean_FDP,0.800000,CappedSpread,5,0.015000
TREX-DA+AR1: TOMP,sd_FDP,0.800000,CappedSpread,5,0.121857
TREX-DA+AR1: TOMP,mean_TPP,0.800000,CappedSpread,1,0.000000
TREX-DA+AR1: TOMP,sd_TPP,0.800000,CappedSpread,1,0.000000
TREX-DA+AR1: TOMP,mean_FDP,0.800000,CappedSpread,1,0.020000
TREX-DA+AR1: TOMP,sd_FDP,0.800000,CappedSpread,1,0.140351
TREX-DA+AR1: TOMP,mean_TPP,0.800000,Random,,0.649500
TREX-DA+AR1: TOMP,sd_TPP,0.800000,Random,,0.192836
TREX-DA+AR1: TOMP,mean_FDP,0.800000,Random,,0.053120
TREX-DA+AR1: TOMP,sd_FDP,0.800000,Random,,0.084880
TREX-DA+AR1: TOMP,mean_TPP,0.900000,CappedSpread,100,0.694500
TREX-DA+AR1: TOMP,sd_TPP,0.900000,CappedSpread,100,0.149773
TREX-DA+AR1: TOMP,mean_FDP,0.900000,CappedSpread,100,0.126005
TREX-DA+AR1: TOMP,sd_FDP,0.900000,CappedSpread,100,0.112288
TREX-DA+AR1: TOMP,mean_TPP,0.900000,CappedSpread,50,0.672500
TREX-DA+AR1: TOMP,sd_TPP,0.900000,CappedSpread,50,0.170113
TREX-DA+AR1: TOMP,mean_FDP,0.900000,CappedSpread,50,0.156818
TREX-DA+AR1: TOMP,sd_FDP,0.900000,CappedSpread,50,0.126976
TREX-DA+AR1: TOMP,mean_TPP,0.900000,CappedSpread,20,0.000000
TREX-DA+AR1: TOMP,sd_TPP,0.900000,CappedSpread,20,0.000000
TREX-DA+AR1: TOMP,mean_FDP,0.900000,CappedSpread,20,0.020000
TREX-DA+AR1: TOMP,sd_FDP,0.900000,CappedSpread,20,0.140351
TREX-DA+AR1: TOMP,mean_TPP,0.900000,CappedSpread,15,0.001000
TREX-DA+AR1: TOMP,sd_TPP,0.900000,CappedSpread,15,0.009975
TREX-DA+AR1: TOMP,mean_FDP,0.900000,CappedSpread,15,0.015000
TREX-DA+AR1: TOMP,sd_FDP,0.900000,CappedSpread,15,0.121857
TREX-DA+AR1: TOMP,mean_TPP,0.900000,CappedSpread,10,0.001000
TREX-DA+AR1: TOMP,sd_TPP,0.900000,CappedSpread,10,0.009975
TREX-DA+AR1: TOMP,mean_FDP,0.900000,CappedSpread,10,0.015000
TREX-DA+AR1: TOMP,sd_FDP,0.900000,CappedSpread,10,0.121857
TREX-DA+AR1: TOMP,mean_TPP,0.900000,CappedSpread,5,0.000000
TREX-DA+AR1: TOMP,sd_TPP,0.900000,CappedSpread,5,0.000000
TREX-DA+AR1: TOMP,mean_FDP,0.900000,CappedSpread,5,0.010000
TREX-DA+AR1: TOMP,sd_FDP,0.900000,CappedSpread,5,0.099748
TREX-DA+AR1: TOMP,mean_TPP,0.900000,CappedSpread,1,0.000500
TREX-DA+AR1: TOMP,sd_TPP,0.900000,CappedSpread,1,0.007071
TREX-DA+AR1: TOMP,mean_FDP,0.900000,CappedSpread,1,0.000000
TREX-DA+AR1: TOMP,sd_FDP,0.900000,CappedSpread,1,0.000000
TREX-DA+AR1: TOMP,mean_TPP,0.900000,Random,,0.322000
TREX-DA+AR1: TOMP,sd_TPP,0.900000,Random,,0.173975
TREX-DA+AR1: TOMP,mean_FDP,0.900000,Random,,0.165056
TREX-DA+AR1: TOMP,sd_FDP,0.900000,Random,,0.221013
