solver,support_type,metric,SNR,Rho,value
TREX-DA+NN: TLARS,CappedSpread,mean_TPP,0.100000,0.100000,0.000000
TREX-DA+NN: TLARS,CappedSpread,sd_TPP,0.100000,0.100000,0.000000
TREX-DA+NN: TLARS,CappedSpread,mean_FDP,0.100000,0.100000,0.000000
TREX-DA+NN: TLARS,CappedSpread,sd_FDP,0.100000,0.100000,0.000000
TREX-DA+NN: TLARS,CappedSpread,mean_TPP,0.100000,0.200000,0.000000
TREX-DA+NN: TLARS,CappedSpread,sd_TPP,0.100000,0.200000,0.000000
TREX-DA+NN: TLARS,CappedSpread,mean_FDP,0.100000,0.200000,0.000000
TREX-DA+NN: TLARS,CappedSpread,sd_FDP,0.100000,0.200000,0.000000
TREX-DA+NN: TLARS,CappedSpread,mean_TPP,0.100000,0.300000,0.000000
TREX-DA+NN: TLARS,CappedSpread,sd_TPP,0.100000,0.300000,0.000000
TREX-DA+NN: TLARS,CappedSpread,mean_FDP,0.100000,0.300000,0.000000
TREX-DA+NN: TLARS,CappedSpread,sd_FDP,0.100000,0.300000,0.000000
TREX-DA+NN: TLARS,CappedSpread,mean_TPP,0.100000,0.400000,0.000000
TREX-DA+NN: TLARS,CappedSpread,sd_TPP,0.100000,0.400000,0.000000
TREX-DA+NN: TLARS,CappedSpread,mean_FDP,0.100000,0.400000,0.000000
TREX-DA+NN: TLARS,CappedSpread,sd_FDP,0.100000,0.400000,0.000000
TREX-DA+NN: TLARS,CappedSpread,mean_TPP,0.100000,0.500000,0.000000
TREX-DA+NN: TLARS,CappedSpread,sd_TPP,0.100000,0.500000,0.000000
TREX-DA+NN: TLARS,CappedSpread,mean_FDP,0.100000,0.500000,0.000000
TREX-DA+NN: TLARS,CappedSpread,sd_FDP,0.100000,0.500000,0.000000
TREX-DA+NN: TLARS,CappedSpread,mean_TPP,0.100000,0.600000,0.000000
TREX-DA+NN: TLARS,CappedSpread,sd_TPP,0.100000,0.600000,0.000000
TREX-DA+NN: TLARS,CappedSpread,mean_FDP,0.100000,0.600000,0.000000
TREX-DA+NN: TLARS,CappedSpread,sd_FDP,0.100000,0.600000,0.000000
TREX-DA+NN: TLARS,CappedSpread,mean_TPP,0.100000,0.700000,0.000000
TREX-DA+NN: TLARS,CappedSpread,sd_TPP,0.100000,0.700000,0.000000
TREX-DA+NN: TLARS,CappedSpread,mean_FDP,0.100000,0.700000,0.005000
TREX-DA+NN: TLARS,CappedSpread,sd_FDP,0.100000,0.700000,0.070711
TREX-DA+NN: TLARS,CappedSpread,mean_TPP,0.100000,0.800000,0.003000
TREX-DA+NN: TLARS,CappedSpread,sd_TPP,0.100000,0.800000,0.019823
TREX-DA+NN: TLARS,CappedSpread,mean_FDP,0.100000,0.800000,0.019167
TREX-DA+NN: TLARS,CappedSpread,sd_FDP,0.100000,0.800000,0.128533
TREX-DA+NN: TLARS,CappedSpread,mean_TPP,0.100000,0.900000,0.003500
TREX-DA+NN: TLARS,CappedSpread,sd_TPP,0.100000,0.900000,0.020975
TREX-DA+NN: TLARS,CappedSpread,mean_FDP,0.100000,0.900000,0.129167
TREX-DA+NN: TLARS,CappedSpread,sd_FDP,0.100000,0.900000,0.331733
TREX-DA+NN: TLARS,CappedSpread,mean_TPP,0.200000,0.100000,0.000000
TREX-DA+NN: TLARS,CappedSpread,sd_TPP,0.200000,0.100000,0.000000
TREX-DA+NN: TLARS,CappedSpread,mean_FDP,0.200000,0.100000,0.000000
TREX-DA+NN: TLARS,CappedSpread,sd_FDP,0.200000,0.100000,0.000000
TREX-DA+NN: TLARS,CappedSpread,mean_TPP,0.200000,0.200000,0.000000
TREX-DA+NN: TLARS,CappedSpread,sd_TPP,0.200000,0.200000,0.000000
TREX-DA+NN: TLARS,CappedSpread,mean_FDP,0.200000,0.200000,0.000000
TREX-DA+NN: TLARS,CappedSpread,sd_FDP,0.200000,0.200000,0.000000
TREX-DA+NN: TLARS,CappedSpread,mean_TPP,0.200000,0.300000,0.002500
TREX-DA+NN: TLARS,CappedSpread,sd_TPP,0.200000,0.300000,0.025436
TREX-DA+NN: TLARS,CappedSpread,mean_FDP,0.200000,0.300000,0.005000
TREX-DA+NN: TLARS,CappedSpread,sd_FDP,0.200000,0.300000,0.049874
TREX-DA+NN: TLARS,CappedSpread,mean_TPP,0.200000,0.400000,0.001000
TREX-DA+NN: TLARS,CappedSpread,sd_TPP,0.200000,0.400000,0.014142
TREX-DA+NN: TLARS,CappedSpread,mean_FDP,0.200000,0.400000,0.001667
TREX-DA+NN: TLARS,CappedSpread,sd_FDP,0.200000,0.400000,0.023570
TREX-DA+NN: TLARS,CappedSpread,mean_TPP,0.200000,0.500000,0.000000
TREX-DA+NN: TLARS,CappedSpread,sd_TPP,0.200000,0.500000,0.000000
TREX-DA+NN: TLARS,CappedSpread,mean_FDP,0.200000,0.500000,0.000000
TREX-DA+NN: TLARS,CappedSpread,sd_FDP,0.200000,0.500000,0.000000
TREX-DA+NN: TLARS,CappedSpread,mean_TPP,0.200000,0.600000,0.001000
TREX-DA+NN: TLARS,CappedSpread,sd_TPP,0.200000,0.600000,0.014142
TREX-DA+NN: TLARS,CappedSpread,mean_FDP,0.200000,0.600000,0.001667
TREX-DA+NN: TLARS,CappedSpread,sd_FDP,0.200000,0.600000,0.023570
TREX-DA+NN: TLARS,CappedSpread,mean_TPP,0.200000,0.700000,0.006000
TREX-DA+NN: TLARS,CappedSpread,sd_TPP,0.200000,0.700000,0.032701
TREX-DA+NN: TLARS,CappedSpread,mean_FDP,0.200000,0.700000,0.012917
TREX-DA+NN: TLARS,CappedSpread,sd_FDP,0.200000,0.700000,0.092313
TREX-DA+NN: TLARS,CappedSpread,mean_TPP,0.200000,0.800000,0.028000
TREX-DA+NN: TLARS,CappedSpread,sd_TPP,0.200000,0.800000,0.073778
TREX-DA+NN: TLARS,CappedSpread,mean_FDP,0.200000,0.800000,0.089500
TREX-DA+NN: TLARS,CappedSpread,sd_FDP,0.200000,0.800000,0.246156
TREX-DA+NN: TLARS,CappedSpread,mean_TPP,0.200000,0.900000,0.035000
TREX-DA+NN: TLARS,CappedSpread,sd_TPP,0.200000,0.900000,0.074179
TREX-DA+NN: TLARS,CappedSpread,mean_FDP,0.200000,0.900000,0.353067
TREX-DA+NN: TLARS,CappedSpread,sd_FDP,0.200000,0.900000,0.432363
TREX-DA+NN: TLARS,CappedSpread,mean_TPP,0.500000,0.100000,0.085000
TREX-DA+NN: TLARS,CappedSpread,sd_TPP,0.500000,0.100000,0.172697
TREX-DA+NN: TLARS,CappedSpread,mean_FDP,0.500000,0.100000,0.016476
TREX-DA+NN: TLARS,CappedSpread,sd_FDP,0.500000,0.100000,0.063249
TREX-DA+NN: TLARS,CappedSpread,mean_TPP,0.500000,0.200000,0.096500
TREX-DA+NN: TLARS,CappedSpread,sd_TPP,0.500000,0.200000,0.186310
TREX-DA+NN: TLARS,CappedSpread,mean_FDP,0.500000,0.200000,0.020304
TREX-DA+NN: TLARS,CappedSpread,sd_FDP,0.500000,0.200000,0.079964
TREX-DA+NN: TLARS,CappedSpread,mean_TPP,0.500000,0.300000,0.102500
TREX-DA+NN: TLARS,CappedSpread,sd_TPP,0.500000,0.300000,0.191382
TREX-DA+NN: TLARS,CappedSpread,mean_FDP,0.500000,0.300000,0.022994
TREX-DA+NN: TLARS,CappedSpread,sd_FDP,0.500000,0.300000,0.075768
TREX-DA+NN: TLARS,CappedSpread,mean_TPP,0.500000,0.400000,0.104000
TREX-DA+NN: TLARS,CappedSpread,sd_TPP,0.500000,0.400000,0.198193
TREX-DA+NN: TLARS,CappedSpread,mean_FDP,0.500000,0.400000,0.025103
TREX-DA+NN: TLARS,CappedSpread,sd_FDP,0.500000,0.400000,0.084570
TREX-DA+NN: TLARS,CappedSpread,mean_TPP,0.500000,0.500000,0.101000
TREX-DA+NN: TLARS,CappedSpread,sd_TPP,0.500000,0.500000,0.196448
TREX-DA+NN: TLARS,CappedSpread,mean_FDP,0.500000,0.500000,0.029618
TREX-DA+NN: TLARS,CappedSpread,sd_FDP,0.500000,0.500000,0.104961
TREX-DA+NN: TLARS,CappedSpread,mean_TPP,0.500000,0.600000,0.093000
TREX-DA+NN: TLARS,CappedSpread,sd_TPP,0.500000,0.600000,0.172627
TREX-DA+NN: TLARS,CappedSpread,mean_FDP,0.500000,0.600000,0.028140
TREX-DA+NN: TLARS,CappedSpread,sd_FDP,0.500000,0.600000,0.085243
TREX-DA+NN: TLARS,CappedSpread,mean_TPP,0.500000,0.700000,0.151500
TREX-DA+NN: TLARS,CappedSpread,sd_TPP,0.500000,0.700000,0.199239
TREX-DA+NN: TLARS,CappedSpread,mean_FDP,0.500000,0.700000,0.085637
TREX-DA+NN: TLARS,CappedSpread,sd_FDP,0.500000,0.700000,0.157230
TREX-DA+NN: TLARS,CappedSpread,mean_TPP,0.500000,0.800000,0.282500
TREX-DA+NN: TLARS,CappedSpread,sd_TPP,0.500000,0.800000,0.184701
TREX-DA+NN: TLARS,CappedSpread,mean_FDP,0.500000,0.800000,0.284781
TREX-DA+NN: TLARS,CappedSpread,sd_FDP,0.500000,0.800000,0.243603
TREX-DA+NN: TLARS,CappedSpread,mean_TPP,0.500000,0.900000,0.277500
TREX-DA+NN: TLARS,CappedSpread,sd_TPP,0.500000,0.900000,0.147146
TREX-DA+NN: TLARS,CappedSpread,mean_FDP,0.500000,0.900000,0.651490
TREX-DA+NN: TLARS,CappedSpread,sd_FDP,0.500000,0.900000,0.178008
TREX-DA+NN: TLARS,CappedSpread,mean_TPP,1.000000,0.100000,0.684500
TREX-DA+NN: TLARS,CappedSpread,sd_TPP,1.000000,0.100000,0.218974
TREX-DA+NN: TLARS,CappedSpread,mean_FDP,1.000000,0.100000,0.060808
TREX-DA+NN: TLARS,CappedSpread,sd_FDP,1.000000,0.100000,0.090525
TREX-DA+NN: TLARS,CappedSpread,mean_TPP,1.000000,0.200000,0.683500
TREX-DA+NN: TLARS,CappedSpread,sd_TPP,1.000000,0.200000,0.236978
TREX-DA+NN: TLARS,CappedSpread,mean_FDP,1.000000,0.200000,0.063014
TREX-DA+NN: TLARS,CappedSpread,sd_FDP,1.000000,0.200000,0.096979
TREX-DA+NN: TLARS,CappedSpread,mean_TPP,1.000000,0.300000,0.740500
TREX-DA+NN: TLARS,CappedSpread,sd_TPP,1.000000,0.300000,0.196731
TREX-DA+NN: TLARS,CappedSpread,mean_FDP,1.000000,0.300000,0.078293
TREX-DA+NN: TLARS,CappedSpread,sd_FDP,1.000000,0.300000,0.101151
TREX-DA+NN: TLARS,CappedSpread,mean_TPP,1.000000,0.400000,0.741000
TREX-DA+NN: TLARS,CappedSpread,sd_TPP,1.000000,0.400000,0.213181
TREX-DA+NN: TLARS,CappedSpread,mean_FDP,1.000000,0.400000,0.079719
TREX-DA+NN: TLARS,CappedSpread,sd_FDP,1.000000,0.400000,0.094566
TREX-DA+NN: TLARS,CappedSpread,mean_TPP,1.000000,0.500000,0.699000
TREX-DA+NN: TLARS,CappedSpread,sd_TPP,1.000000,0.500000,0.224614
TREX-DA+NN: TLARS,CappedSpread,mean_FDP,1.000000,0.500000,0.078946
TREX-DA+NN: TLARS,CappedSpread,sd_FDP,1.000000,0.500000,0.098973
TREX-DA+NN: TLARS,CappedSpread,mean_TPP,1.000000,0.600000,0.686000
TREX-DA+NN: TLARS,CappedSpread,sd_TPP,1.000000,0.600000,0.200762
TREX-DA+NN: TLARS,CappedSpread,mean_FDP,1.000000,0.600000,0.101540
TREX-DA+NN: TLARS,CappedSpread,sd_FDP,1.000000,0.600000,0.111918
TREX-DA+NN: TLARS,CappedSpread,mean_TPP,1.000000,0.700000,0.643500
TREX-DA+NN: TLARS,CappedSpread,sd_TPP,1.000000,0.700000,0.222949
TREX-DA+NN: TLARS,CappedSpread,mean_FDP,1.000000,0.700000,0.137828
TREX-DA+NN: TLARS,CappedSpread,sd_FDP,1.000000,0.700000,0.133856
TREX-DA+NN: TLARS,CappedSpread,mean_TPP,1.000000,0.800000,0.625500
TREX-DA+NN: TLARS,CappedSpread,sd_TPP,1.000000,0.800000,0.168050
TREX-DA+NN: TLARS,CappedSpread,mean_FDP,1.000000,0.800000,0.264581
TREX-DA+NN: TLARS,CappedSpread,sd_FDP,1.000000,0.800000,0.157871
TREX-DA+NN: TLARS,CappedSpread,mean_TPP,1.000000,0.900000,0.516500
TREX-DA+NN: TLARS,CappedSpread,sd_TPP,1.000000,0.900000,0.160957
TREX-DA+NN: TLARS,CappedSpread,mean_FDP,1.000000,0.900000,0.575310
TREX-DA+NN: TLARS,CappedSpread,sd_FDP,1.000000,0.900000,0.131435
TREX-DA+NN: TLARS,CappedSpread,mean_TPP,2.000000,0.100000,0.915000
TREX-DA+NN: TLARS,CappedSpread,sd_TPP,2.000000,0.100000,0.112420
TREX-DA+NN: TLARS,CappedSpread,mean_FDP,2.000000,0.100000,0.086135
TREX-DA+NN: TLARS,CappedSpread,sd_FDP,2.000000,0.100000,0.086207
TREX-DA+NN: TLARS,CappedSpread,mean_TPP,2.000000,0.200000,0.921000
TREX-DA+NN: TLARS,CappedSpread,sd_TPP,2.000000,0.200000,0.104468
TREX-DA+NN: TLARS,CappedSpread,mean_FDP,2.000000,0.200000,0.090417
TREX-DA+NN: TLARS,CappedSpread,sd_FDP,2.000000,0.200000,0.090521
TREX-DA+NN: TLARS,CappedSpread,mean_TPP,2.000000,0.300000,0.974500
TREX-DA+NN: TLARS,CappedSpread,sd_TPP,2.000000,0.300000,0.053045
TREX-DA+NN: TLARS,CappedSpread,mean_FDP,2.000000,0.300000,0.110445
TREX-DA+NN: TLARS,CappedSpread,sd_FDP,2.000000,0.300000,0.084617
TREX-DA+NN: TLARS,CappedSpread,mean_TPP,2.000000,0.400000,0.965000
TREX-DA+NN: TLARS,CappedSpread,sd_TPP,2.000000,0.400000,0.051850
TREX-DA+NN: TLARS,CappedSpread,mean_FDP,2.000000,0.400000,0.118480
TREX-DA+NN: TLARS,CappedSpread,sd_FDP,2.000000,0.400000,0.087819
TREX-DA+NN: TLARS,CappedSpread,mean_TPP,2.000000,0.500000,0.950000
TREX-DA+NN: TLARS,CappedSpread,sd_TPP,2.000000,0.500000,0.070888
TREX-DA+NN: TLARS,CappedSpread,mean_FDP,2.000000,0.500000,0.111868
TREX-DA+NN: TLARS,CappedSpread,sd_FDP,2.000000,0.500000,0.089590
TREX-DA+NN: TLARS,CappedSpread,mean_TPP,2.000000,0.600000,0.915500
TREX-DA+NN: TLARS,CappedSpread,sd_TPP,2.000000,0.600000,0.091387
TREX-DA+NN: TLARS,CappedSpread,mean_FDP,2.000000,0.600000,0.125866
TREX-DA+NN: TLARS,CappedSpread,sd_FDP,2.000000,0.600000,0.098000
TREX-DA+NN: TLARS,CappedSpread,mean_TPP,2.000000,0.700000,0.895000
TREX-DA+NN: TLARS,CappedSpread,sd_TPP,2.000000,0.700000,0.117234
TREX-DA+NN: TLARS,CappedSpread,mean_FDP,2.000000,0.700000,0.144000
TREX-DA+NN: TLARS,CappedSpread,sd_FDP,2.000000,0.700000,0.108222
TREX-DA+NN: TLARS,CappedSpread,mean_TPP,2.000000,0.800000,0.775000
TREX-DA+NN: TLARS,CappedSpread,sd_TPP,2.000000,0.800000,0.143099
TREX-DA+NN: TLARS,CappedSpread,mean_FDP,2.000000,0.800000,0.227493
TREX-DA+NN: TLARS,CappedSpread,sd_FDP,2.000000,0.800000,0.137410
TREX-DA+NN: TLARS,CappedSpread,mean_TPP,2.000000,0.900000,0.616500
TREX-DA+NN: TLARS,CappedSpread,sd_TPP,2.000000,0.900000,0.165574
TREX-DA+NN: TLARS,CappedSpread,mean_FDP,2.000000,0.900000,0.528363
TREX-DA+NN: TLARS,CappedSpread,sd_FDP,2.000000,0.900000,0.113380
TREX-DA+NN: TLARS,CappedSpread,mean_TPP,5.000000,0.100000,0.944000
TREX-DA+NN: TLARS,CappedSpread,sd_TPP,5.000000,0.100000,0.098041
TREX-DA+NN: TLARS,CappedSpread,mean_FDP,5.000000,0.100000,0.096231
TREX-DA+NN: TLARS,CappedSpread,sd_FDP,5.000000,0.100000,0.078728
TREX-DA+NN: TLARS,CappedSpread,mean_TPP,5.000000,0.200000,0.947000
TREX-DA+NN: TLARS,CappedSpread,sd_TPP,5.000000,0.200000,0.090731
TREX-DA+NN: TLARS,CappedSpread,mean_FDP,5.000000,0.200000,0.106028
TREX-DA+NN: TLARS,CappedSpread,sd_FDP,5.000000,0.200000,0.080540
TREX-DA+NN: TLARS,CappedSpread,mean_TPP,5.000000,0.300000,0.975000
TREX-DA+NN: TLARS,CappedSpread,sd_TPP,5.000000,0.300000,0.046754
TREX-DA+NN: TLARS,CappedSpread,mean_FDP,5.000000,0.300000,0.138661
TREX-DA+NN: TLARS,CappedSpread,sd_FDP,5.000000,0.300000,0.075075
TREX-DA+NN: TLARS,CappedSpread,mean_TPP,5.000000,0.400000,0.973500
TREX-DA+NN: TLARS,CappedSpread,sd_TPP,5.000000,0.400000,0.048575
TREX-DA+NN: TLARS,CappedSpread,mean_FDP,5.000000,0.400000,0.136406
TREX-DA+NN: TLARS,CappedSpread,sd_FDP,5.000000,0.400000,0.078098
TREX-DA+NN: TLARS,CappedSpread,mean_TPP,5.000000,0.500000,0.963000
TREX-DA+NN: TLARS,CappedSpread,sd_TPP,5.000000,0.500000,0.061235
TREX-DA+NN: TLARS,CappedSpread,mean_FDP,5.000000,0.500000,0.128342
TREX-DA+NN: TLARS,CappedSpread,sd_FDP,5.000000,0.500000,0.082397
TREX-DA+NN: TLARS,CappedSpread,mean_TPP,5.000000,0.600000,0.943000
TREX-DA+NN: TLARS,CappedSpread,sd_TPP,5.000000,0.600000,0.082371
TREX-DA+NN: TLARS,CappedSpread,mean_FDP,5.000000,0.600000,0.127103
TREX-DA+NN: TLARS,CappedSpread,sd_FDP,5.000000,0.600000,0.090438
TREX-DA+NN: TLARS,CappedSpread,mean_TPP,5.000000,0.700000,0.915500
TREX-DA+NN: TLARS,CappedSpread,sd_TPP,5.000000,0.700000,0.109864
TREX-DA+NN: TLARS,CappedSpread,mean_FDP,5.000000,0.700000,0.140406
TREX-DA+NN: TLARS,CappedSpread,sd_FDP,5.000000,0.700000,0.096928
TREX-DA+NN: TLARS,CappedSpread,mean_TPP,5.000000,0.800000,0.798000
TREX-DA+NN: TLARS,CappedSpread,sd_TPP,5.000000,0.800000,0.146298
TREX-DA+NN: TLARS,CappedSpread,mean_FDP,5.000000,0.800000,0.219964
TREX-DA+NN: TLARS,CappedSpread,sd_FDP,5.000000,0.800000,0.126587
TREX-DA+NN: TLARS,CappedSpread,mean_TPP,5.000000,0.900000,0.611500
TREX-DA+NN: TLARS,CappedSpread,sd_TPP,5.000000,0.900000,0.162943
TREX-DA+NN: TLARS,CappedSpread,mean_FDP,5.000000,0.900000,0.502952
TREX-DA+NN: TLARS,CappedSpread,sd_FDP,5.000000,0.900000,0.117625
TREX-DA+NN: TLARS,Random,mean_TPP,0.100000,0.100000,0.000000
TREX-DA+NN: TLARS,Random,sd_TPP,0.100000,0.100000,0.000000
TREX-DA+NN: TLARS,Random,mean_FDP,0.100000,0.100000,0.000000
TREX-DA+NN: TLARS,Random,sd_FDP,0.100000,0.100000,0.000000
TREX-DA+NN: TLARS,Random,mean_TPP,0.100000,0.200000,0.000000
TREX-DA+NN: TLARS,Random,sd_TPP,0.100000,0.200000,0.000000
TREX-DA+NN: TLARS,Random,mean_FDP,0.100000,0.200000,0.000000
TREX-DA+NN: TLARS,Random,sd_FDP,0.100000,0.200000,0.000000
TREX-DA+NN: TLARS,Random,mean_TPP,0.100000,0.300000,0.000000
TREX-DA+NN: TLARS,Random,sd_TPP,0.100000,0.300000,0.000000
TREX-DA+NN: TLARS,Random,mean_FDP,0.100000,0.300000,0.000000
TREX-DA+NN: TLARS,Random,sd_FDP,0.100000,0.300000,0.000000
TREX-DA+NN: TLARS,Random,mean_TPP,0.100000,0.400000,0.000000
TREX-DA+NN: TLARS,Random,sd_TPP,0.100000,0.400000,0.000000
TREX-DA+NN: TLARS,Random,mean_FDP,0.100000,0.400000,0.000000
TREX-DA+NN: TLARS,Random,sd_FDP,0.100000,0.400000,0.000000
TREX-DA+NN: TLARS,Random,mean_TPP,0.100000,0.500000,0.000000
TREX-DA+NN: TLARS,Random,sd_TPP,0.100000,0.500000,0.000000
TREX-DA+NN: TLARS,Random,mean_FDP,0.100000,0.500000,0.000000
TREX-DA+NN: TLARS,Random,sd_FDP,0.100000,0.500000,0.000000
TREX-DA+NN: TLARS,Random,mean_TPP,0.100000,0.600000,0.000000
TREX-DA+NN: TLARS,Random,sd_TPP,0.100000,0.600000,0.000000
TREX-DA+NN: TLARS,Random,mean_FDP,0.100000,0.600000,0.000000
TREX-DA+NN: TLARS,Random,sd_FDP,0.100000,0.600000,0.000000
TREX-DA+NN: TLARS,Random,mean_TPP,0.100000,0.700000,0.002500
TREX-DA+NN: TLARS,Random,sd_TPP,0.100000,0.700000,0.018587
TREX-DA+NN: TLARS,Random,mean_FDP,0.100000,0.700000,0.019167
TREX-DA+NN: TLARS,Random,sd_FDP,0.100000,0.700000,0.118356
TREX-DA+NN: TLARS,Random,mean_TPP,0.100000,0.800000,0.004500
TREX-DA+NN: TLARS,Random,sd_TPP,0.100000,0.800000,0.023074
TREX-DA+NN: TLARS,Random,mean_FDP,0.100000,0.800000,0.054167
TREX-DA+NN: TLARS,Random,sd_FDP,0.100000,0.800000,0.221624
TREX-DA+NN: TLARS,Random,mean_TPP,0.100000,0.900000,0.004000
TREX-DA+NN: TLARS,Random,sd_TPP,0.100000,0.900000,0.019645
TREX-DA+NN: TLARS,Random,mean_FDP,0.100000,0.900000,0.100833
TREX-DA+NN: TLARS,Random,sd_FDP,0.100000,0.900000,0.293660
TREX-DA+NN: TLARS,Random,mean_TPP,0.200000,0.100000,0.001000
TREX-DA+NN: TLARS,Random,sd_TPP,0.200000,0.100000,0.014142
TREX-DA+NN: TLARS,Random,mean_FDP,0.200000,0.100000,0.002500
TREX-DA+NN: TLARS,Random,sd_FDP,0.200000,0.100000,0.035355
TREX-DA+NN: TLARS,Random,mean_TPP,0.200000,0.200000,0.000000
TREX-DA+NN: TLARS,Random,sd_TPP,0.200000,0.200000,0.000000
TREX-DA+NN: TLARS,Random,mean_FDP,0.200000,0.200000,0.000000
TREX-DA+NN: TLARS,Random,sd_FDP,0.200000,0.200000,0.000000
TREX-DA+NN: TLARS,Random,mean_TPP,0.200000,0.300000,0.000000
TREX-DA+NN: TLARS,Random,sd_TPP,0.200000,0.300000,0.000000
TREX-DA+NN: TLARS,Random,mean_FDP,0.200000,0.300000,0.000000
TREX-DA+NN: TLARS,Random,sd_FDP,0.200000,0.300000,0.000000
TREX-DA+NN: TLARS,Random,mean_TPP,0.200000,0.400000,0.000500
TREX-DA+NN: TLARS,Random,sd_TPP,0.200000,0.400000,0.007071
TREX-DA+NN: TLARS,Random,mean_FDP,0.200000,0.400000,0.000000
TREX-DA+NN: TLARS,Random,sd_FDP,0.200000,0.400000,0.000000
TREX-DA+NN: TLARS,Random,mean_TPP,0.200000,0.500000,0.001000
TREX-DA+NN: TLARS,Random,sd_TPP,0.200000,0.500000,0.014142
TREX-DA+NN: TLARS,Random,mean_FDP,0.200000,0.500000,0.000000
TREX-DA+NN: TLARS,Random,sd_FDP,0.200000,0.500000,0.000000
TREX-DA+NN: TLARS,Random,mean_TPP,0.200000,0.600000,0.001000
TREX-DA+NN: TLARS,Random,sd_TPP,0.200000,0.600000,0.014142
TREX-DA+NN: TLARS,Random,mean_FDP,0.200000,0.600000,0.000000
TREX-DA+NN: TLARS,Random,sd_FDP,0.200000,0.600000,0.000000
TREX-DA+NN: TLARS,Random,mean_TPP,0.200000,0.700000,0.009500
TREX-DA+NN: TLARS,Random,sd_TPP,0.200000,0.700000,0.039593
TREX-DA+NN: TLARS,Random,mean_FDP,0.200000,0.700000,0.025833
TREX-DA+NN: TLARS,Random,sd_FDP,0.200000,0.700000,0.129529
TREX-DA+NN: TLARS,Random,mean_TPP,0.200000,0.800000,0.034500
TREX-DA+NN: TLARS,Random,sd_TPP,0.200000,0.800000,0.069887
TREX-DA+NN: TLARS,Random,mean_FDP,0.200000,0.800000,0.111167
TREX-DA+NN: TLARS,Random,sd_FDP,0.200000,0.800000,0.272123
TREX-DA+NN: TLARS,Random,mean_TPP,0.200000,0.900000,0.033500
TREX-DA+NN: TLARS,Random,sd_TPP,0.200000,0.900000,0.066708
TREX-DA+NN: TLARS,Random,mean_FDP,0.200000,0.900000,0.268536
TREX-DA+NN: TLARS,Random,sd_FDP,0.200000,0.900000,0.401163
TREX-DA+NN: TLARS,Random,mean_TPP,0.500000,0.100000,0.116500
TREX-DA+NN: TLARS,Random,sd_TPP,0.500000,0.100000,0.220729
TREX-DA+NN: TLARS,Random,mean_FDP,0.500000,0.100000,0.022315
TREX-DA+NN: TLARS,Random,sd_FDP,0.500000,0.100000,0.067824
TREX-DA+NN: TLARS,Random,mean_TPP,0.500000,0.200000,0.115500
TREX-DA+NN: TLARS,Random,sd_TPP,0.500000,0.200000,0.206453
TREX-DA+NN: TLARS,Random,mean_FDP,0.500000,0.200000,0.023093
TREX-DA+NN: TLARS,Random,sd_FDP,0.500000,0.200000,0.075511
TREX-DA+NN: TLARS,Random,mean_TPP,0.500000,0.300000,0.130000
TREX-DA+NN: TLARS,Random,sd_TPP,0.500000,0.300000,0.219867
TREX-DA+NN: TLARS,Random,mean_FDP,0.500000,0.300000,0.032215
TREX-DA+NN: TLARS,Random,sd_FDP,0.500000,0.300000,0.092859
TREX-DA+NN: TLARS,Random,mean_TPP,0.500000,0.400000,0.128500
TREX-DA+NN: TLARS,Random,sd_TPP,0.500000,0.400000,0.228910
TREX-DA+NN: TLARS,Random,mean_FDP,0.500000,0.400000,0.026720
TREX-DA+NN: TLARS,Random,sd_FDP,0.500000,0.400000,0.086027
TREX-DA+NN: TLARS,Random,mean_TPP,0.500000,0.500000,0.095500
TREX-DA+NN: TLARS,Random,sd_TPP,0.500000,0.500000,0.190819
TREX-DA+NN: TLARS,Random,mean_FDP,0.500000,0.500000,0.017000
TREX-DA+NN: TLARS,Random,sd_FDP,0.500000,0.500000,0.067261
TREX-DA+NN: TLARS,Random,mean_TPP,0.500000,0.600000,0.121500
TREX-DA+NN: TLARS,Random,sd_TPP,0.500000,0.600000,0.203457
TREX-DA+NN: TLARS,Random,mean_FDP,0.500000,0.600000,0.050690
TREX-DA+NN: TLARS,Random,sd_FDP,0.500000,0.600000,0.121661
TREX-DA+NN: TLARS,Random,mean_TPP,0.500000,0.700000,0.183000
TREX-DA+NN: TLARS,Random,sd_TPP,0.500000,0.700000,0.217133
TREX-DA+NN: TLARS,Random,mean_FDP,0.500000,0.700000,0.094171
TREX-DA+NN: TLARS,Random,sd_FDP,0.500000,0.700000,0.168880
TREX-DA+NN: TLARS,Random,mean_TPP,0.500000,0.800000,0.276000
TREX-DA+NN: TLARS,Random,sd_TPP,0.500000,0.800000,0.180519
TREX-DA+NN: TLARS,Random,mean_FDP,0.500000,0.800000,0.276902
TREX-DA+NN: TLARS,Random,sd_FDP,0.500000,0.800000,0.250723
TREX-DA+NN: TLARS,Random,mean_TPP,0.500000,0.900000,0.232000
TREX-DA+NN: TLARS,Random,sd_TPP,0.500000,0.900000,0.156841
TREX-DA+NN: TLARS,Random,mean_FDP,0.500000,0.900000,0.544172
TREX-DA+NN: TLARS,Random,sd_FDP,0.500000,0.900000,0.266631
TREX-DA+NN: TLARS,Random,mean_TPP,1.000000,0.100000,0.680500
TREX-DA+NN: TLARS,Random,sd_TPP,1.000000,0.100000,0.236324
TREX-DA+NN: TLARS,Random,mean_FDP,1.000000,0.100000,0.070208
TREX-DA+NN: TLARS,Random,sd_FDP,1.000000,0.100000,0.094670
TREX-DA+NN: TLARS,Random,mean_TPP,1.000000,0.200000,0.695500
TREX-DA+NN: TLARS,Random,sd_TPP,1.000000,0.200000,0.212498
TREX-DA+NN: TLARS,Random,mean_FDP,1.000000,0.200000,0.074779
TREX-DA+NN: TLARS,Random,sd_FDP,1.000000,0.200000,0.096050
TREX-DA+NN: TLARS,Random,mean_TPP,1.000000,0.300000,0.743000
TREX-DA+NN: TLARS,Random,sd_TPP,1.000000,0.300000,0.198616
TREX-DA+NN: TLARS,Random,mean_FDP,1.000000,0.300000,0.084149
TREX-DA+NN: TLARS,Random,sd_FDP,1.000000,0.300000,0.096800
TREX-DA+NN: TLARS,Random,mean_TPP,1.000000,0.400000,0.723500
TREX-DA+NN: TLARS,Random,sd_TPP,1.000000,0.400000,0.217565
TREX-DA+NN: TLARS,Random,mean_FDP,1.000000,0.400000,0.083877
TREX-DA+NN: TLARS,Random,sd_FDP,1.000000,0.400000,0.100670
TREX-DA+NN: TLARS,Random,mean_TPP,1.000000,0.500000,0.692000
TREX-DA+NN: TLARS,Random,sd_TPP,1.000000,0.500000,0.237101
TREX-DA+NN: TLARS,Random,mean_FDP,1.000000,0.500000,0.096711
TREX-DA+NN: TLARS,Random,sd_FDP,1.000000,0.500000,0.103564
TREX-DA+NN: TLARS,Random,mean_TPP,1.000000,0.600000,0.660500
TREX-DA+NN: TLARS,Random,sd_TPP,1.000000,0.600000,0.230337
TREX-DA+NN: TLARS,Random,mean_FDP,1.000000,0.600000,0.102707
TREX-DA+NN: TLARS,Random,sd_FDP,1.000000,0.600000,0.115347
TREX-DA+NN: TLARS,Random,mean_TPP,1.000000,0.700000,0.630500
TREX-DA+NN: TLARS,Random,sd_TPP,1.000000,0.700000,0.220597
TREX-DA+NN: TLARS,Random,mean_FDP,1.000000,0.700000,0.152961
TREX-DA+NN: TLARS,Random,sd_FDP,1.000000,0.700000,0.132772
TREX-DA+NN: TLARS,Random,mean_TPP,1.000000,0.800000,0.594000
TREX-DA+NN: TLARS,Random,sd_TPP,1.000000,0.800000,0.179793
TREX-DA+NN: TLARS,Random,mean_FDP,1.000000,0.800000,0.260041
TREX-DA+NN: TLARS,Random,sd_FDP,1.000000,0.800000,0.164482
TREX-DA+NN: TLARS,Random,mean_TPP,1.000000,0.900000,0.478500
TREX-DA+NN: TLARS,Random,sd_TPP,1.000000,0.900000,0.178175
TREX-DA+NN: TLARS,Random,mean_FDP,1.000000,0.900000,0.493621
TREX-DA+NN: TLARS,Random,sd_FDP,1.000000,0.900000,0.165907
TREX-DA+NN: TLARS,Random,mean_TPP,2.000000,0.100000,0.918500
TREX-DA+NN: TLARS,Random,sd_TPP,2.000000,0.100000,0.118227
TREX-DA+NN: TLARS,Random,mean_FDP,2.000000,0.100000,0.084356
TREX-DA+NN: TLARS,Random,sd_FDP,2.000000,0.100000,0.083038
TREX-DA+NN: TLARS,Random,mean_TPP,2.000000,0.200000,0.922000
TREX-DA+NN: TLARS,Random,sd_TPP,2.000000,0.200000,0.105221
TREX-DA+NN: TLARS,Random,mean_FDP,2.000000,0.200000,0.095357
TREX-DA+NN: TLARS,Random,sd_FDP,2.000000,0.200000,0.089439
TREX-DA+NN: TLARS,Random,mean_TPP,2.000000,0.300000,0.956500
TREX-DA+NN: TLARS,Random,sd_TPP,2.000000,0.300000,0.075407
TREX-DA+NN: TLARS,Random,mean_FDP,2.000000,0.300000,0.118846
TREX-DA+NN: TLARS,Random,sd_FDP,2.000000,0.300000,0.093279
TREX-DA+NN: TLARS,Random,mean_TPP,2.000000,0.400000,0.948000
TREX-DA+NN: TLARS,Random,sd_TPP,2.000000,0.400000,0.091311
TREX-DA+NN: TLARS,Random,mean_FDP,2.000000,0.400000,0.111527
TREX-DA+NN: TLARS,Random,sd_FDP,2.000000,0.400000,0.091690
TREX-DA+NN: TLARS,Random,mean_TPP,2.000000,0.500000,0.921500
TREX-DA+NN: TLARS,Random,sd_TPP,2.000000,0.500000,0.106510
TREX-DA+NN: TLARS,Random,mean_FDP,2.000000,0.500000,0.110323
TREX-DA+NN: TLARS,Random,sd_FDP,2.000000,0.500000,0.086173
TREX-DA+NN: TLARS,Random,mean_TPP,2.000000,0.600000,0.887500
TREX-DA+NN: TLARS,Random,sd_TPP,2.000000,0.600000,0.126784
TREX-DA+NN: TLARS,Random,mean_FDP,2.000000,0.600000,0.122663
TREX-DA+NN: TLARS,Random,sd_FDP,2.000000,0.600000,0.107638
TREX-DA+NN: TLARS,Random,mean_TPP,2.000000,0.700000,0.840500
TREX-DA+NN: TLARS,Random,sd_TPP,2.000000,0.700000,0.143921
TREX-DA+NN: TLARS,Random,mean_FDP,2.000000,0.700000,0.149041
TREX-DA+NN: TLARS,Random,sd_FDP,2.000000,0.700000,0.105196
TREX-DA+NN: TLARS,Random,mean_TPP,2.000000,0.800000,0.745000
TREX-DA+NN: TLARS,Random,sd_TPP,2.000000,0.800000,0.164041
TREX-DA+NN: TLARS,Random,mean_FDP,2.000000,0.800000,0.225312
TREX-DA+NN: TLARS,Random,sd_FDP,2.000000,0.800000,0.131741
TREX-DA+NN: TLARS,Random,mean_TPP,2.000000,0.900000,0.622000
TREX-DA+NN: TLARS,Random,sd_TPP,2.000000,0.900000,0.174839
TREX-DA+NN: TLARS,Random,mean_FDP,2.000000,0.900000,0.429935
TREX-DA+NN: TLARS,Random,sd_FDP,2.000000,0.900000,0.145031
TREX-DA+NN: TLARS,Random,mean_TPP,5.000000,0.100000,0.942500
TREX-DA+NN: TLARS,Random,sd_TPP,5.000000,0.100000,0.101959
TREX-DA+NN: TLARS,Random,mean_FDP,5.000000,0.100000,0.100172
TREX-DA+NN: TLARS,Random,sd_FDP,5.000000,0.100000,0.084754
TREX-DA+NN: TLARS,Random,mean_TPP,5.000000,0.200000,0.947500
TREX-DA+NN: TLARS,Random,sd_TPP,5.000000,0.200000,0.092935
TREX-DA+NN: TLARS,Random,mean_FDP,5.000000,0.200000,0.100408
TREX-DA+NN: TLARS,Random,sd_FDP,5.000000,0.200000,0.085696
TREX-DA+NN: TLARS,Random,mean_TPP,5.000000,0.300000,0.968000
TREX-DA+NN: TLARS,Random,sd_TPP,5.000000,0.300000,0.066317
TREX-DA+NN: TLARS,Random,mean_FDP,5.000000,0.300000,0.132050
TREX-DA+NN: TLARS,Random,sd_FDP,5.000000,0.300000,0.083368
TREX-DA+NN: TLARS,Random,mean_TPP,5.000000,0.400000,0.959500
TREX-DA+NN: TLARS,Random,sd_TPP,5.000000,0.400000,0.070245
TREX-DA+NN: TLARS,Random,mean_FDP,5.000000,0.400000,0.129690
TREX-DA+NN: TLARS,Random,sd_FDP,5.000000,0.400000,0.082783
TREX-DA+NN: TLARS,Random,mean_TPP,5.000000,0.500000,0.936000
TREX-DA+NN: TLARS,Random,sd_TPP,5.000000,0.500000,0.094065
TREX-DA+NN: TLARS,Random,mean_FDP,5.000000,0.500000,0.126736
TREX-DA+NN: TLARS,Random,sd_FDP,5.000000,0.500000,0.085210
TREX-DA+NN: TLARS,Random,mean_TPP,5.000000,0.600000,0.919000
TREX-DA+NN: TLARS,Random,sd_TPP,5.000000,0.600000,0.111810
TREX-DA+NN: TLARS,Random,mean_FDP,5.000000,0.600000,0.125777
TREX-DA+NN: TLARS,Random,sd_FDP,5.000000,0.600000,0.091841
TREX-DA+NN: TLARS,Random,mean_TPP,5.000000,0.700000,0.863500
TREX-DA+NN: TLARS,Random,sd_TPP,5.000000,0.700000,0.135312
TREX-DA+NN: TLARS,Random,mean_FDP,5.000000,0.700000,0.145741
TREX-DA+NN: TLARS,Random,sd_FDP,5.000000,0.700000,0.096036
TREX-DA+NN: TLARS,Random,mean_TPP,5.000000,0.800000,0.767000
TREX-DA+NN: TLARS,Random,sd_TPP,5.000000,0.800000,0.165372
TREX-DA+NN: TLARS,Random,mean_FDP,5.000000,0.800000,0.221195
TREX-DA+NN: TLARS,Random,sd_FDP,5.000000,0.800000,0.128720
TREX-DA+NN: TLARS,Random,mean_TPP,5.000000,0.900000,0.626000
TREX-DA+NN: TLARS,Random,sd_TPP,5.000000,0.900000,0.170792
TREX-DA+NN: TLARS,Random,mean_FDP,5.000000,0.900000,0.404608
TREX-DA+NN: TLARS,Random,sd_FDP,5.000000,0.900000,0.142338
TREX-DA+NN: TAFS,CappedSpread,mean_TPP,0.100000,0.100000,0.000000
TREX-DA+NN: TAFS,CappedSpread,sd_TPP,0.100000,0.100000,0.000000
TREX-DA+NN: TAFS,CappedSpread,mean_FDP,0.100000,0.100000,0.000000
TREX-DA+NN: TAFS,CappedSpread,sd_FDP,0.100000,0.100000,0.000000
TREX-DA+NN: TAFS,CappedSpread,mean_TPP,0.100000,0.200000,0.000000
TREX-DA+NN: TAFS,CappedSpread,sd_TPP,0.100000,0.200000,0.000000
TREX-DA+NN: TAFS,CappedSpread,mean_FDP,0.100000,0.200000,0.000000
TREX-DA+NN: TAFS,CappedSpread,sd_FDP,0.100000,0.200000,0.000000
TREX-DA+NN: TAFS,CappedSpread,mean_TPP,0.100000,0.300000,0.000000
TREX-DA+NN: TAFS,CappedSpread,sd_TPP,0.100000,0.300000,0.000000
TREX-DA+NN: TAFS,CappedSpread,mean_FDP,0.100000,0.300000,0.000000
TREX-DA+NN: TAFS,CappedSpread,sd_FDP,0.100000,0.300000,0.000000
TREX-DA+NN: TAFS,CappedSpread,mean_TPP,0.100000,0.400000,0.000000
TREX-DA+NN: TAFS,CappedSpread,sd_TPP,0.100000,0.400000,0.000000
TREX-DA+NN: TAFS,CappedSpread,mean_FDP,0.100000,0.400000,0.000000
TREX-DA+NN: TAFS,CappedSpread,sd_FDP,0.100000,0.400000,0.000000
TREX-DA+NN: TAFS,CappedSpread,mean_TPP,0.100000,0.500000,0.000000
TREX-DA+NN: TAFS,CappedSpread,sd_TPP,0.100000,0.500000,0.000000
TREX-DA+NN: TAFS,CappedSpread,mean_FDP,0.100000,0.500000,0.000000
TREX-DA+NN: TAFS,CappedSpread,sd_FDP,0.100000,0.500000,0.000000
TREX-DA+NN: TAFS,CappedSpread,mean_TPP,0.100000,0.600000,0.000000
TREX-DA+NN: TAFS,CappedSpread,sd_TPP,0.100000,0.600000,0.000000
TREX-DA+NN: TAFS,CappedSpread,mean_FDP,0.100000,0.600000,0.000000
TREX-DA+NN: TAFS,CappedSpread,sd_FDP,0.100000,0.600000,0.000000
TREX-DA+NN: TAFS,CappedSpread,mean_TPP,0.100000,0.700000,0.000500
TREX-DA+NN: TAFS,CappedSpread,sd_TPP,0.100000,0.700000,0.007071
TREX-DA+NN: TAFS,CappedSpread,mean_FDP,0.100000,0.700000,0.005000
TREX-DA+NN: TAFS,CappedSpread,sd_FDP,0.100000,0.700000,0.070711
TREX-DA+NN: TAFS,CappedSpread,mean_TPP,0.100000,0.800000,0.003000
TREX-DA+NN: TAFS,CappedSpread,sd_TPP,0.100000,0.800000,0.017102
TREX-DA+NN: TAFS,CappedSpread,mean_FDP,0.100000,0.800000,0.030000
TREX-DA+NN: TAFS,CappedSpread,sd_FDP,0.100000,0.800000,0.163504
TREX-DA+NN: TAFS,CappedSpread,mean_TPP,0.100000,0.900000,0.004500
TREX-DA+NN: TAFS,CappedSpread,sd_TPP,0.100000,0.900000,0.020782
TREX-DA+NN: TAFS,CappedSpread,mean_FDP,0.100000,0.900000,0.137500
TREX-DA+NN: TAFS,CappedSpread,sd_FDP,0.100000,0.900000,0.336018
TREX-DA+NN: TAFS,CappedSpread,mean_TPP,0.200000,0.100000,0.000000
TREX-DA+NN: TAFS,CappedSpread,sd_TPP,0.200000,0.100000,0.000000
TREX-DA+NN: TAFS,CappedSpread,mean_FDP,0.200000,0.100000,0.000000
TREX-DA+NN: TAFS,CappedSpread,sd_FDP,0.200000,0.100000,0.000000
TREX-DA+NN: TAFS,CappedSpread,mean_TPP,0.200000,0.200000,0.000000
TREX-DA+NN: TAFS,CappedSpread,sd_TPP,0.200000,0.200000,0.000000
TREX-DA+NN: TAFS,CappedSpread,mean_FDP,0.200000,0.200000,0.000000
TREX-DA+NN: TAFS,CappedSpread,sd_FDP,0.200000,0.200000,0.000000
TREX-DA+NN: TAFS,CappedSpread,mean_TPP,0.200000,0.300000,0.001500
TREX-DA+NN: TAFS,CappedSpread,sd_TPP,0.200000,0.300000,0.015780
TREX-DA+NN: TAFS,CappedSpread,mean_FDP,0.200000,0.300000,0.004167
TREX-DA+NN: TAFS,CappedSpread,sd_FDP,0.200000,0.300000,0.042393
TREX-DA+NN: TAFS,CappedSpread,mean_TPP,0.200000,0.400000,0.001000
TREX-DA+NN: TAFS,CappedSpread,sd_TPP,0.200000,0.400000,0.014142
TREX-DA+NN: TAFS,CappedSpread,mean_FDP,0.200000,0.400000,0.002500
TREX-DA+NN: TAFS,CappedSpread,sd_FDP,0.200000,0.400000,0.035355
TREX-DA+NN: TAFS,CappedSpread,mean_TPP,0.200000,0.500000,0.000000
TREX-DA+NN: TAFS,CappedSpread,sd_TPP,0.200000,0.500000,0.000000
TREX-DA+NN: TAFS,CappedSpread,mean_FDP,0.200000,0.500000,0.000000
TREX-DA+NN: TAFS,CappedSpread,sd_FDP,0.200000,0.500000,0.000000
TREX-DA+NN: TAFS,CappedSpread,mean_TPP,0.200000,0.600000,0.000000
TREX-DA+NN: TAFS,CappedSpread,sd_TPP,0.200000,0.600000,0.000000
TREX-DA+NN: TAFS,CappedSpread,mean_FDP,0.200000,0.600000,0.000000
TREX-DA+NN: TAFS,CappedSpread,sd_FDP,0.200000,0.600000,0.000000
TREX-DA+NN: TAFS,CappedSpread,mean_TPP,0.200000,0.700000,0.010500
TREX-DA+NN: TAFS,CappedSpread,sd_TPP,0.200000,0.700000,0.044153
TREX-DA+NN: TAFS,CappedSpread,mean_FDP,0.200000,0.700000,0.018750
TREX-DA+NN: TAFS,CappedSpread,sd_FDP,0.200000,0.700000,0.113764
TREX-DA+NN: TAFS,CappedSpread,mean_TPP,0.200000,0.800000,0.025000
TREX-DA+NN: TAFS,CappedSpread,sd_TPP,0.200000,0.800000,0.060774
TREX-DA+NN: TAFS,CappedSpread,mean_FDP,0.200000,0.800000,0.099167
TREX-DA+NN: TAFS,CappedSpread,sd_FDP,0.200000,0.800000,0.270888
TREX-DA+NN: TAFS,CappedSpread,mean_TPP,0.200000,0.900000,0.021500
TREX-DA+NN: TAFS,CappedSpread,sd_TPP,0.200000,0.900000,0.050998
TREX-DA+NN: TAFS,CappedSpread,mean_FDP,0.200000,0.900000,0.343750
TREX-DA+NN: TAFS,CappedSpread,sd_FDP,0.200000,0.900000,0.444501
TREX-DA+NN: TAFS,CappedSpread,mean_TPP,0.500000,0.100000,0.127500
TREX-DA+NN: TAFS,CappedSpread,sd_TPP,0.500000,0.100000,0.224378
TREX-DA+NN: TAFS,CappedSpread,mean_FDP,0.500000,0.100000,0.020288
TREX-DA+NN: TAFS,CappedSpread,sd_FDP,0.500000,0.100000,0.066221
TREX-DA+NN: TAFS,CappedSpread,mean_TPP,0.500000,0.200000,0.153500
TREX-DA+NN: TAFS,CappedSpread,sd_TPP,0.500000,0.200000,0.238057
TREX-DA+NN: TAFS,CappedSpread,mean_FDP,0.500000,0.200000,0.015993
TREX-DA+NN: TAFS,CappedSpread,sd_FDP,0.500000,0.200000,0.055687
TREX-DA+NN: TAFS,CappedSpread,mean_TPP,0.500000,0.300000,0.147000
TREX-DA+NN: TAFS,CappedSpread,sd_TPP,0.500000,0.300000,0.240374
TREX-DA+NN: TAFS,CappedSpread,mean_FDP,0.500000,0.300000,0.023639
TREX-DA+NN: TAFS,CappedSpread,sd_FDP,0.500000,0.300000,0.076432
TREX-DA+NN: TAFS,CappedSpread,mean_TPP,0.500000,0.400000,0.160500
TREX-DA+NN: TAFS,CappedSpread,sd_TPP,0.500000,0.400000,0.258892
TREX-DA+NN: TAFS,CappedSpread,mean_FDP,0.500000,0.400000,0.025137
TREX-DA+NN: TAFS,CappedSpread,sd_FDP,0.500000,0.400000,0.078440
TREX-DA+NN: TAFS,CappedSpread,mean_TPP,0.500000,0.500000,0.160500
TREX-DA+NN: TAFS,CappedSpread,sd_TPP,0.500000,0.500000,0.249401
TREX-DA+NN: TAFS,CappedSpread,mean_FDP,0.500000,0.500000,0.034214
TREX-DA+NN: TAFS,CappedSpread,sd_FDP,0.500000,0.500000,0.103903
TREX-DA+NN: TAFS,CappedSpread,mean_TPP,0.500000,0.600000,0.155000
TREX-DA+NN: TAFS,CappedSpread,sd_TPP,0.500000,0.600000,0.239293
TREX-DA+NN: TAFS,CappedSpread,mean_FDP,0.500000,0.600000,0.046417
TREX-DA+NN: TAFS,CappedSpread,sd_FDP,0.500000,0.600000,0.132697
TREX-DA+NN: TAFS,CappedSpread,mean_TPP,0.500000,0.700000,0.192000
TREX-DA+NN: TAFS,CappedSpread,sd_TPP,0.500000,0.700000,0.230219
TREX-DA+NN: TAFS,CappedSpread,mean_FDP,0.500000,0.700000,0.083992
TREX-DA+NN: TAFS,CappedSpread,sd_FDP,0.500000,0.700000,0.156577
TREX-DA+NN: TAFS,CappedSpread,mean_TPP,0.500000,0.800000,0.256500
TREX-DA+NN: TAFS,CappedSpread,sd_TPP,0.500000,0.800000,0.182825
TREX-DA+NN: TAFS,CappedSpread,mean_FDP,0.500000,0.800000,0.252232
TREX-DA+NN: TAFS,CappedSpread,sd_FDP,0.500000,0.800000,0.246691
TREX-DA+NN: TAFS,CappedSpread,mean_TPP,0.500000,0.900000,0.211500
TREX-DA+NN: TAFS,CappedSpread,sd_TPP,0.500000,0.900000,0.136421
TREX-DA+NN: TAFS,CappedSpread,mean_FDP,0.500000,0.900000,0.583611
TREX-DA+NN: TAFS,CappedSpread,sd_FDP,0.500000,0.900000,0.230510
TREX-DA+NN: TAFS,CappedSpread,mean_TPP,1.000000,0.100000,0.839500
TREX-DA+NN: TAFS,CappedSpread,sd_TPP,1.000000,0.100000,0.181810
TREX-DA+NN: TAFS,CappedSpread,mean_FDP,1.000000,0.100000,0.055425
TREX-DA+NN: TAFS,CappedSpread,sd_FDP,1.000000,0.100000,0.078402
TREX-DA+NN: TAFS,CappedSpread,mean_TPP,1.000000,0.200000,0.854500
TREX-DA+NN: TAFS,CappedSpread,sd_TPP,1.000000,0.200000,0.160338
TREX-DA+NN: TAFS,CappedSpread,mean_FDP,1.000000,0.200000,0.054734
TREX-DA+NN: TAFS,CappedSpread,sd_FDP,1.000000,0.200000,0.075336
TREX-DA+NN: TAFS,CappedSpread,mean_TPP,1.000000,0.300000,0.901500
TREX-DA+NN: TAFS,CappedSpread,sd_TPP,1.000000,0.300000,0.139084
TREX-DA+NN: TAFS,CappedSpread,mean_FDP,1.000000,0.300000,0.066314
TREX-DA+NN: TAFS,CappedSpread,sd_FDP,1.000000,0.300000,0.076420
TREX-DA+NN: TAFS,CappedSpread,mean_TPP,1.000000,0.400000,0.906000
TREX-DA+NN: TAFS,CappedSpread,sd_TPP,1.000000,0.400000,0.125470
TREX-DA+NN: TAFS,CappedSpread,mean_FDP,1.000000,0.400000,0.070264
TREX-DA+NN: TAFS,CappedSpread,sd_FDP,1.000000,0.400000,0.075584
TREX-DA+NN: TAFS,CappedSpread,mean_TPP,1.000000,0.500000,0.888000
TREX-DA+NN: TAFS,CappedSpread,sd_TPP,1.000000,0.500000,0.140194
TREX-DA+NN: TAFS,CappedSpread,mean_FDP,1.000000,0.500000,0.074996
TREX-DA+NN: TAFS,CappedSpread,sd_FDP,1.000000,0.500000,0.084512
TREX-DA+NN: TAFS,CappedSpread,mean_TPP,1.000000,0.600000,0.862500
TREX-DA+NN: TAFS,CappedSpread,sd_TPP,1.000000,0.600000,0.166681
TREX-DA+NN: TAFS,CappedSpread,mean_FDP,1.000000,0.600000,0.083174
TREX-DA+NN: TAFS,CappedSpread,sd_FDP,1.000000,0.600000,0.085010
TREX-DA+NN: TAFS,CappedSpread,mean_TPP,1.000000,0.700000,0.843500
TREX-DA+NN: TAFS,CappedSpread,sd_TPP,1.000000,0.700000,0.172063
TREX-DA+NN: TAFS,CappedSpread,mean_FDP,1.000000,0.700000,0.115223
TREX-DA+NN: TAFS,CappedSpread,sd_FDP,1.000000,0.700000,0.101116
TREX-DA+NN: TAFS,CappedSpread,mean_TPP,1.000000,0.800000,0.756000
TREX-DA+NN: TAFS,CappedSpread,sd_TPP,1.000000,0.800000,0.157761
TREX-DA+NN: TAFS,CappedSpread,mean_FDP,1.000000,0.800000,0.205144
TREX-DA+NN: TAFS,CappedSpread,sd_FDP,1.000000,0.800000,0.125266
TREX-DA+NN: TAFS,CappedSpread,mean_TPP,1.000000,0.900000,0.496500
TREX-DA+NN: TAFS,CappedSpread,sd_TPP,1.000000,0.900000,0.172297
TREX-DA+NN: TAFS,CappedSpread,mean_FDP,1.000000,0.900000,0.441591
TREX-DA+NN: TAFS,CappedSpread,sd_FDP,1.000000,0.900000,0.172599
TREX-DA+NN: TAFS,CappedSpread,mean_TPP,2.000000,0.100000,0.967000
TREX-DA+NN: TAFS,CappedSpread,sd_TPP,2.000000,0.100000,0.085131
TREX-DA+NN: TAFS,CappedSpread,mean_FDP,2.000000,0.100000,0.089015
TREX-DA+NN: TAFS,CappedSpread,sd_FDP,2.000000,0.100000,0.074297
TREX-DA+NN: TAFS,CappedSpread,mean_TPP,2.000000,0.200000,0.968000
TREX-DA+NN: TAFS,CappedSpread,sd_TPP,2.000000,0.200000,0.076847
TREX-DA+NN: TAFS,CappedSpread,mean_FDP,2.000000,0.200000,0.091950
TREX-DA+NN: TAFS,CappedSpread,sd_FDP,2.000000,0.200000,0.070856
TREX-DA+NN: TAFS,CappedSpread,mean_TPP,2.000000,0.300000,0.995500
TREX-DA+NN: TAFS,CappedSpread,sd_TPP,2.000000,0.300000,0.020782
TREX-DA+NN: TAFS,CappedSpread,mean_FDP,2.000000,0.300000,0.112950
TREX-DA+NN: TAFS,CappedSpread,sd_FDP,2.000000,0.300000,0.065301
TREX-DA+NN: TAFS,CappedSpread,mean_TPP,2.000000,0.400000,0.995500
TREX-DA+NN: TAFS,CappedSpread,sd_TPP,2.000000,0.400000,0.020782
TREX-DA+NN: TAFS,CappedSpread,mean_FDP,2.000000,0.400000,0.108873
TREX-DA+NN: TAFS,CappedSpread,sd_FDP,2.000000,0.400000,0.057989
TREX-DA+NN: TAFS,CappedSpread,mean_TPP,2.000000,0.500000,0.989500
TREX-DA+NN: TAFS,CappedSpread,sd_TPP,2.000000,0.500000,0.030732
TREX-DA+NN: TAFS,CappedSpread,mean_FDP,2.000000,0.500000,0.107782
TREX-DA+NN: TAFS,CappedSpread,sd_FDP,2.000000,0.500000,0.060040
TREX-DA+NN: TAFS,CappedSpread,mean_TPP,2.000000,0.600000,0.982500
TREX-DA+NN: TAFS,CappedSpread,sd_TPP,2.000000,0.600000,0.040645
TREX-DA+NN: TAFS,CappedSpread,mean_FDP,2.000000,0.600000,0.103178
TREX-DA+NN: TAFS,CappedSpread,sd_FDP,2.000000,0.600000,0.059938
TREX-DA+NN: TAFS,CappedSpread,mean_TPP,2.000000,0.700000,0.970500
TREX-DA+NN: TAFS,CappedSpread,sd_TPP,2.000000,0.700000,0.049922
TREX-DA+NN: TAFS,CappedSpread,mean_FDP,2.000000,0.700000,0.111089
TREX-DA+NN: TAFS,CappedSpread,sd_FDP,2.000000,0.700000,0.066035
TREX-DA+NN: TAFS,CappedSpread,mean_TPP,2.000000,0.800000,0.922000
TREX-DA+NN: TAFS,CappedSpread,sd_TPP,2.000000,0.800000,0.080924
TREX-DA+NN: TAFS,CappedSpread,mean_FDP,2.000000,0.800000,0.157529
TREX-DA+NN: TAFS,CappedSpread,sd_FDP,2.000000,0.800000,0.089365
TREX-DA+NN: TAFS,CappedSpread,mean_TPP,2.000000,0.900000,0.713000
TREX-DA+NN: TAFS,CappedSpread,sd_TPP,2.000000,0.900000,0.136470
TREX-DA+NN: TAFS,CappedSpread,mean_FDP,2.000000,0.900000,0.341319
TREX-DA+NN: TAFS,CappedSpread,sd_FDP,2.000000,0.900000,0.133018
TREX-DA+NN: TAFS,CappedSpread,mean_TPP,5.000000,0.100000,0.964500
TREX-DA+NN: TAFS,CappedSpread,sd_TPP,5.000000,0.100000,0.089047
TREX-DA+NN: TAFS,CappedSpread,mean_FDP,5.000000,0.100000,0.085627
TREX-DA+NN: TAFS,CappedSpread,sd_FDP,5.000000,0.100000,0.068837
TREX-DA+NN: TAFS,CappedSpread,mean_TPP,5.000000,0.200000,0.970500
TREX-DA+NN: TAFS,CappedSpread,sd_TPP,5.000000,0.200000,0.074211
TREX-DA+NN: TAFS,CappedSpread,mean_FDP,5.000000,0.200000,0.089744
TREX-DA+NN: TAFS,CappedSpread,sd_FDP,5.000000,0.200000,0.069029
TREX-DA+NN: TAFS,CappedSpread,mean_TPP,5.000000,0.300000,0.990000
TREX-DA+NN: TAFS,CappedSpread,sd_TPP,5.000000,0.300000,0.030075
TREX-DA+NN: TAFS,CappedSpread,mean_FDP,5.000000,0.300000,0.117007
TREX-DA+NN: TAFS,CappedSpread,sd_FDP,5.000000,0.300000,0.059028
TREX-DA+NN: TAFS,CappedSpread,mean_TPP,5.000000,0.400000,0.985000
TREX-DA+NN: TAFS,CappedSpread,sd_TPP,5.000000,0.400000,0.035797
TREX-DA+NN: TAFS,CappedSpread,mean_FDP,5.000000,0.400000,0.116273
TREX-DA+NN: TAFS,CappedSpread,sd_FDP,5.000000,0.400000,0.054455
TREX-DA+NN: TAFS,CappedSpread,mean_TPP,5.000000,0.500000,0.972000
TREX-DA+NN: TAFS,CappedSpread,sd_TPP,5.000000,0.500000,0.046115
TREX-DA+NN: TAFS,CappedSpread,mean_FDP,5.000000,0.500000,0.113614
TREX-DA+NN: TAFS,CappedSpread,sd_FDP,5.000000,0.500000,0.057726
TREX-DA+NN: TAFS,CappedSpread,mean_TPP,5.000000,0.600000,0.968500
TREX-DA+NN: TAFS,CappedSpread,sd_TPP,5.000000,0.600000,0.051683
TREX-DA+NN: TAFS,CappedSpread,mean_FDP,5.000000,0.600000,0.118608
TREX-DA+NN: TAFS,CappedSpread,sd_FDP,5.000000,0.600000,0.063265
TREX-DA+NN: TAFS,CappedSpread,mean_TPP,5.000000,0.700000,0.964500
TREX-DA+NN: TAFS,CappedSpread,sd_TPP,5.000000,0.700000,0.062524
TREX-DA+NN: TAFS,CappedSpread,mean_FDP,5.000000,0.700000,0.116487
TREX-DA+NN: TAFS,CappedSpread,sd_FDP,5.000000,0.700000,0.061154
TREX-DA+NN: TAFS,CappedSpread,mean_TPP,5.000000,0.800000,0.944500
TREX-DA+NN: TAFS,CappedSpread,sd_TPP,5.000000,0.800000,0.075487
TREX-DA+NN: TAFS,CappedSpread,mean_FDP,5.000000,0.800000,0.140728
TREX-DA+NN: TAFS,CappedSpread,sd_FDP,5.000000,0.800000,0.070820
TREX-DA+NN: TAFS,CappedSpread,mean_TPP,5.000000,0.900000,0.835500
TREX-DA+NN: TAFS,CappedSpread,sd_TPP,5.000000,0.900000,0.113376
TREX-DA+NN: TAFS,CappedSpread,mean_FDP,5.000000,0.900000,0.276636
TREX-DA+NN: TAFS,CappedSpread,sd_FDP,5.000000,0.900000,0.110866
TREX-DA+NN: TAFS,Random,mean_TPP,0.100000,0.100000,0.000000
TREX-DA+NN: TAFS,Random,sd_TPP,0.100000,0.100000,0.000000
TREX-DA+NN: TAFS,Random,mean_FDP,0.100000,0.100000,0.000000
TREX-DA+NN: TAFS,Random,sd_FDP,0.100000,0.100000,0.000000
TREX-DA+NN: TAFS,Random,mean_TPP,0.100000,0.200000,0.000000
TREX-DA+NN: TAFS,Random,sd_TPP,0.100000,0.200000,0.000000
TREX-DA+NN: TAFS,Random,mean_FDP,0.100000,0.200000,0.000000
TREX-DA+NN: TAFS,Random,sd_FDP,0.100000,0.200000,0.000000
TREX-DA+NN: TAFS,Random,mean_TPP,0.100000,0.300000,0.000000
TREX-DA+NN: TAFS,Random,sd_TPP,0.100000,0.300000,0.000000
TREX-DA+NN: TAFS,Random,mean_FDP,0.100000,0.300000,0.000000
TREX-DA+NN: TAFS,Random,sd_FDP,0.100000,0.300000,0.000000
TREX-DA+NN: TAFS,Random,mean_TPP,0.100000,0.400000,0.000000
TREX-DA+NN: TAFS,Random,sd_TPP,0.100000,0.400000,0.000000
TREX-DA+NN: TAFS,Random,mean_FDP,0.100000,0.400000,0.000000
TREX-DA+NN: TAFS,Random,sd_FDP,0.100000,0.400000,0.000000
TREX-DA+NN: TAFS,Random,mean_TPP,0.100000,0.500000,0.000000
TREX-DA+NN: TAFS,Random,sd_TPP,0.100000,0.500000,0.000000
TREX-DA+NN: TAFS,Random,mean_FDP,0.100000,0.500000,0.000000
TREX-DA+NN: TAFS,Random,sd_FDP,0.100000,0.500000,0.000000
TREX-DA+NN: TAFS,Random,mean_TPP,0.100000,0.600000,0.000000
TREX-DA+NN: TAFS,Random,sd_TPP,0.100000,0.600000,0.000000
TREX-DA+NN: TAFS,Random,mean_FDP,0.100000,0.600000,0.000000
TREX-DA+NN: TAFS,Random,sd_FDP,0.100000,0.600000,0.000000
TREX-DA+NN: TAFS,Random,mean_TPP,0.100000,0.700000,0.002000
TREX-DA+NN: TAFS,Random,sd_TPP,0.100000,0.700000,0.017248
TREX-DA+NN: TAFS,Random,mean_FDP,0.100000,0.700000,0.016667
TREX-DA+NN: TAFS,Random,sd_FDP,0.100000,0.700000,0.113322
TREX-DA+NN: TAFS,Random,mean_TPP,0.100000,0.800000,0.005000
TREX-DA+NN: TAFS,Random,sd_TPP,0.100000,0.800000,0.024039
TREX-DA+NN: TAFS,Random,mean_FDP,0.100000,0.800000,0.061667
TREX-DA+NN: TAFS,Random,sd_FDP,0.100000,0.800000,0.238826
TREX-DA+NN: TAFS,Random,mean_TPP,0.100000,0.900000,0.004000
TREX-DA+NN: TAFS,Random,sd_TPP,0.100000,0.900000,0.019645
TREX-DA+NN: TAFS,Random,mean_FDP,0.100000,0.900000,0.107500
TREX-DA+NN: TAFS,Random,sd_FDP,0.100000,0.900000,0.308496
TREX-DA+NN: TAFS,Random,mean_TPP,0.200000,0.100000,0.000000
TREX-DA+NN: TAFS,Random,sd_TPP,0.200000,0.100000,0.000000
TREX-DA+NN: TAFS,Random,mean_FDP,0.200000,0.100000,0.000000
TREX-DA+NN: TAFS,Random,sd_FDP,0.200000,0.100000,0.000000
TREX-DA+NN: TAFS,Random,mean_TPP,0.200000,0.200000,0.000000
TREX-DA+NN: TAFS,Random,sd_TPP,0.200000,0.200000,0.000000
TREX-DA+NN: TAFS,Random,mean_FDP,0.200000,0.200000,0.000000
TREX-DA+NN: TAFS,Random,sd_FDP,0.200000,0.200000,0.000000
TREX-DA+NN: TAFS,Random,mean_TPP,0.200000,0.300000,0.002000
TREX-DA+NN: TAFS,Random,sd_TPP,0.200000,0.300000,0.019950
TREX-DA+NN: TAFS,Random,mean_FDP,0.200000,0.300000,0.000000
TREX-DA+NN: TAFS,Random,sd_FDP,0.200000,0.300000,0.000000
TREX-DA+NN: TAFS,Random,mean_TPP,0.200000,0.400000,0.000000
TREX-DA+NN: TAFS,Random,sd_TPP,0.200000,0.400000,0.000000
TREX-DA+NN: TAFS,Random,mean_FDP,0.200000,0.400000,0.000000
TREX-DA+NN: TAFS,Random,sd_FDP,0.200000,0.400000,0.000000
TREX-DA+NN: TAFS,Random,mean_TPP,0.200000,0.500000,0.000000
TREX-DA+NN: TAFS,Random,sd_TPP,0.200000,0.500000,0.000000
TREX-DA+NN: TAFS,Random,mean_FDP,0.200000,0.500000,0.005000
TREX-DA+NN: TAFS,Random,sd_FDP,0.200000,0.500000,0.070711
TREX-DA+NN: TAFS,Random,mean_TPP,0.200000,0.600000,0.002000
TREX-DA+NN: TAFS,Random,sd_TPP,0.200000,0.600000,0.019950
TREX-DA+NN: TAFS,Random,mean_FDP,0.200000,0.600000,0.000000
TREX-DA+NN: TAFS,Random,sd_FDP,0.200000,0.600000,0.000000
TREX-DA+NN: TAFS,Random,mean_TPP,0.200000,0.700000,0.010000
TREX-DA+NN: TAFS,Random,sd_TPP,0.200000,0.700000,0.034728
TREX-DA+NN: TAFS,Random,mean_FDP,0.200000,0.700000,0.028333
TREX-DA+NN: TAFS,Random,sd_FDP,0.200000,0.700000,0.133783
TREX-DA+NN: TAFS,Random,mean_TPP,0.200000,0.800000,0.027500
TREX-DA+NN: TAFS,Random,sd_TPP,0.200000,0.800000,0.057535
TREX-DA+NN: TAFS,Random,mean_FDP,0.200000,0.800000,0.150750
TREX-DA+NN: TAFS,Random,sd_FDP,0.200000,0.800000,0.321695
TREX-DA+NN: TAFS,Random,mean_TPP,0.200000,0.900000,0.030000
TREX-DA+NN: TAFS,Random,sd_TPP,0.200000,0.900000,0.057590
TREX-DA+NN: TAFS,Random,mean_FDP,0.200000,0.900000,0.308333
TREX-DA+NN: TAFS,Random,sd_FDP,0.200000,0.900000,0.425493
TREX-DA+NN: TAFS,Random,mean_TPP,0.500000,0.100000,0.171000
TREX-DA+NN: TAFS,Random,sd_TPP,0.500000,0.100000,0.256883
TREX-DA+NN: TAFS,Random,mean_FDP,0.500000,0.100000,0.022458
TREX-DA+NN: TAFS,Random,sd_FDP,0.500000,0.100000,0.075786
TREX-DA+NN: TAFS,Random,mean_TPP,0.500000,0.200000,0.172500
TREX-DA+NN: TAFS,Random,sd_TPP,0.500000,0.200000,0.247386
TREX-DA+NN: TAFS,Random,mean_FDP,0.500000,0.200000,0.023472
TREX-DA+NN: TAFS,Random,sd_FDP,0.500000,0.200000,0.072619
TREX-DA+NN: TAFS,Random,mean_TPP,0.500000,0.300000,0.194500
TREX-DA+NN: TAFS,Random,sd_TPP,0.500000,0.300000,0.271826
TREX-DA+NN: TAFS,Random,mean_FDP,0.500000,0.300000,0.035483
TREX-DA+NN: TAFS,Random,sd_FDP,0.500000,0.300000,0.109100
TREX-DA+NN: TAFS,Random,mean_TPP,0.500000,0.400000,0.188500
TREX-DA+NN: TAFS,Random,sd_TPP,0.500000,0.400000,0.251464
TREX-DA+NN: TAFS,Random,mean_FDP,0.500000,0.400000,0.035544
TREX-DA+NN: TAFS,Random,sd_FDP,0.500000,0.400000,0.092681
TREX-DA+NN: TAFS,Random,mean_TPP,0.500000,0.500000,0.180000
TREX-DA+NN: TAFS,Random,sd_TPP,0.500000,0.500000,0.256768
TREX-DA+NN: TAFS,Random,mean_FDP,0.500000,0.500000,0.031548
TREX-DA+NN: TAFS,Random,sd_FDP,0.500000,0.500000,0.085205
TREX-DA+NN: TAFS,Random,mean_TPP,0.500000,0.600000,0.178000
TREX-DA+NN: TAFS,Random,sd_TPP,0.500000,0.600000,0.255819
TREX-DA+NN: TAFS,Random,mean_FDP,0.500000,0.600000,0.044712
TREX-DA+NN: TAFS,Random,sd_FDP,0.500000,0.600000,0.108534
TREX-DA+NN: TAFS,Random,mean_TPP,0.500000,0.700000,0.192000
TREX-DA+NN: TAFS,Random,sd_TPP,0.500000,0.700000,0.219263
TREX-DA+NN: TAFS,Random,mean_FDP,0.500000,0.700000,0.104185
TREX-DA+NN: TAFS,Random,sd_FDP,0.500000,0.700000,0.195319
TREX-DA+NN: TAFS,Random,mean_TPP,0.500000,0.800000,0.270000
TREX-DA+NN: TAFS,Random,sd_TPP,0.500000,0.800000,0.178492
TREX-DA+NN: TAFS,Random,mean_FDP,0.500000,0.800000,0.263810
TREX-DA+NN: TAFS,Random,sd_FDP,0.500000,0.800000,0.253100
TREX-DA+NN: TAFS,Random,mean_TPP,0.500000,0.900000,0.195000
TREX-DA+NN: TAFS,Random,sd_TPP,0.500000,0.900000,0.142395
TREX-DA+NN: TAFS,Random,mean_FDP,0.500000,0.900000,0.524671
TREX-DA+NN: TAFS,Random,sd_FDP,0.500000,0.900000,0.296177
TREX-DA+NN: TAFS,Random,mean_TPP,1.000000,0.100000,0.844000
TREX-DA+NN: TAFS,Random,sd_TPP,1.000000,0.100000,0.187456
TREX-DA+NN: TAFS,Random,mean_FDP,1.000000,0.100000,0.056097
TREX-DA+NN: TAFS,Random,sd_FDP,1.000000,0.100000,0.071434
TREX-DA+NN: TAFS,Random,mean_TPP,1.000000,0.200000,0.850000
TREX-DA+NN: TAFS,Random,sd_TPP,1.000000,0.200000,0.177928
TREX-DA+NN: TAFS,Random,mean_FDP,1.000000,0.200000,0.060971
TREX-DA+NN: TAFS,Random,sd_FDP,1.000000,0.200000,0.079887
TREX-DA+NN: TAFS,Random,mean_TPP,1.000000,0.300000,0.882000
TREX-DA+NN: TAFS,Random,sd_TPP,1.000000,0.300000,0.149290
TREX-DA+NN: TAFS,Random,mean_FDP,1.000000,0.300000,0.072398
TREX-DA+NN: TAFS,Random,sd_FDP,1.000000,0.300000,0.082693
TREX-DA+NN: TAFS,Random,mean_TPP,1.000000,0.400000,0.876000
TREX-DA+NN: TAFS,Random,sd_TPP,1.000000,0.400000,0.158270
TREX-DA+NN: TAFS,Random,mean_FDP,1.000000,0.400000,0.072391
TREX-DA+NN: TAFS,Random,sd_FDP,1.000000,0.400000,0.079856
TREX-DA+NN: TAFS,Random,mean_TPP,1.000000,0.500000,0.874000
TREX-DA+NN: TAFS,Random,sd_TPP,1.000000,0.500000,0.165411
TREX-DA+NN: TAFS,Random,mean_FDP,1.000000,0.500000,0.070581
TREX-DA+NN: TAFS,Random,sd_FDP,1.000000,0.500000,0.082073
TREX-DA+NN: TAFS,Random,mean_TPP,1.000000,0.600000,0.850500
TREX-DA+NN: TAFS,Random,sd_TPP,1.000000,0.600000,0.165033
TREX-DA+NN: TAFS,Random,mean_FDP,1.000000,0.600000,0.087818
TREX-DA+NN: TAFS,Random,sd_FDP,1.000000,0.600000,0.092800
TREX-DA+NN: TAFS,Random,mean_TPP,1.000000,0.700000,0.808000
TREX-DA+NN: TAFS,Random,sd_TPP,1.000000,0.700000,0.183588
TREX-DA+NN: TAFS,Random,mean_FDP,1.000000,0.700000,0.126220
TREX-DA+NN: TAFS,Random,sd_FDP,1.000000,0.700000,0.103539
TREX-DA+NN: TAFS,Random,mean_TPP,1.000000,0.800000,0.721000
TREX-DA+NN: TAFS,Random,sd_TPP,1.000000,0.800000,0.172067
TREX-DA+NN: TAFS,Random,mean_FDP,1.000000,0.800000,0.199599
TREX-DA+NN: TAFS,Random,sd_FDP,1.000000,0.800000,0.137660
TREX-DA+NN: TAFS,Random,mean_TPP,1.000000,0.900000,0.503000
TREX-DA+NN: TAFS,Random,sd_TPP,1.000000,0.900000,0.182641
TREX-DA+NN: TAFS,Random,mean_FDP,1.000000,0.900000,0.409039
TREX-DA+NN: TAFS,Random,sd_FDP,1.000000,0.900000,0.183038
TREX-DA+NN: TAFS,Random,mean_TPP,2.000000,0.100000,0.963000
TREX-DA+NN: TAFS,Random,sd_TPP,2.000000,0.100000,0.093674
TREX-DA+NN: TAFS,Random,mean_FDP,2.000000,0.100000,0.083806
TREX-DA+NN: TAFS,Random,sd_FDP,2.000000,0.100000,0.072082
TREX-DA+NN: TAFS,Random,mean_TPP,2.000000,0.200000,0.963500
TREX-DA+NN: TAFS,Random,sd_TPP,2.000000,0.200000,0.081554
TREX-DA+NN: TAFS,Random,mean_FDP,2.000000,0.200000,0.088939
TREX-DA+NN: TAFS,Random,sd_FDP,2.000000,0.200000,0.068087
TREX-DA+NN: TAFS,Random,mean_TPP,2.000000,0.300000,0.987000
TREX-DA+NN: TAFS,Random,sd_TPP,2.000000,0.300000,0.047352
TREX-DA+NN: TAFS,Random,mean_FDP,2.000000,0.300000,0.108996
TREX-DA+NN: TAFS,Random,sd_FDP,2.000000,0.300000,0.067712
TREX-DA+NN: TAFS,Random,mean_TPP,2.000000,0.400000,0.986000
TREX-DA+NN: TAFS,Random,sd_TPP,2.000000,0.400000,0.048120
TREX-DA+NN: TAFS,Random,mean_FDP,2.000000,0.400000,0.106558
TREX-DA+NN: TAFS,Random,sd_FDP,2.000000,0.400000,0.066278
TREX-DA+NN: TAFS,Random,mean_TPP,2.000000,0.500000,0.983000
TREX-DA+NN: TAFS,Random,sd_TPP,2.000000,0.500000,0.046061
TREX-DA+NN: TAFS,Random,mean_FDP,2.000000,0.500000,0.108066
TREX-DA+NN: TAFS,Random,sd_FDP,2.000000,0.500000,0.072045
TREX-DA+NN: TAFS,Random,mean_TPP,2.000000,0.600000,0.972000
TREX-DA+NN: TAFS,Random,sd_TPP,2.000000,0.600000,0.054136
TREX-DA+NN: TAFS,Random,mean_FDP,2.000000,0.600000,0.106181
TREX-DA+NN: TAFS,Random,sd_FDP,2.000000,0.600000,0.069591
TREX-DA+NN: TAFS,Random,mean_TPP,2.000000,0.700000,0.954500
TREX-DA+NN: TAFS,Random,sd_TPP,2.000000,0.700000,0.069309
TREX-DA+NN: TAFS,Random,mean_FDP,2.000000,0.700000,0.108626
TREX-DA+NN: TAFS,Random,sd_FDP,2.000000,0.700000,0.074789
TREX-DA+NN: TAFS,Random,mean_TPP,2.000000,0.800000,0.895000
TREX-DA+NN: TAFS,Random,sd_TPP,2.000000,0.800000,0.110162
TREX-DA+NN: TAFS,Random,mean_FDP,2.000000,0.800000,0.157035
TREX-DA+NN: TAFS,Random,sd_FDP,2.000000,0.800000,0.100729
TREX-DA+NN: TAFS,Random,mean_TPP,2.000000,0.900000,0.715000
TREX-DA+NN: TAFS,Random,sd_TPP,2.000000,0.900000,0.151955
TREX-DA+NN: TAFS,Random,mean_FDP,2.000000,0.900000,0.307636
TREX-DA+NN: TAFS,Random,sd_FDP,2.000000,0.900000,0.145620
TREX-DA+NN: TAFS,Random,mean_TPP,5.000000,0.100000,0.963500
TREX-DA+NN: TAFS,Random,sd_TPP,5.000000,0.100000,0.091979
TREX-DA+NN: TAFS,Random,mean_FDP,5.000000,0.100000,0.091185
TREX-DA+NN: TAFS,Random,sd_FDP,5.000000,0.100000,0.073758
TREX-DA+NN: TAFS,Random,mean_TPP,5.000000,0.200000,0.966000
TREX-DA+NN: TAFS,Random,sd_TPP,5.000000,0.200000,0.077291
TREX-DA+NN: TAFS,Random,mean_FDP,5.000000,0.200000,0.092006
TREX-DA+NN: TAFS,Random,sd_FDP,5.000000,0.200000,0.073494
TREX-DA+NN: TAFS,Random,mean_TPP,5.000000,0.300000,0.984500
TREX-DA+NN: TAFS,Random,sd_TPP,5.000000,0.300000,0.043810
TREX-DA+NN: TAFS,Random,mean_FDP,5.000000,0.300000,0.110743
TREX-DA+NN: TAFS,Random,sd_FDP,5.000000,0.300000,0.067161
TREX-DA+NN: TAFS,Random,mean_TPP,5.000000,0.400000,0.971000
TREX-DA+NN: TAFS,Random,sd_TPP,5.000000,0.400000,0.055447
TREX-DA+NN: TAFS,Random,mean_FDP,5.000000,0.400000,0.111330
TREX-DA+NN: TAFS,Random,sd_FDP,5.000000,0.400000,0.066228
TREX-DA+NN: TAFS,Random,mean_TPP,5.000000,0.500000,0.966500
TREX-DA+NN: TAFS,Random,sd_TPP,5.000000,0.500000,0.060382
TREX-DA+NN: TAFS,Random,mean_FDP,5.000000,0.500000,0.107797
TREX-DA+NN: TAFS,Random,sd_FDP,5.000000,0.500000,0.065355
TREX-DA+NN: TAFS,Random,mean_TPP,5.000000,0.600000,0.950500
TREX-DA+NN: TAFS,Random,sd_TPP,5.000000,0.600000,0.075686
TREX-DA+NN: TAFS,Random,mean_FDP,5.000000,0.600000,0.119543
TREX-DA+NN: TAFS,Random,sd_FDP,5.000000,0.600000,0.067656
TREX-DA+NN: TAFS,Random,mean_TPP,5.000000,0.700000,0.942500
TREX-DA+NN: TAFS,Random,sd_TPP,5.000000,0.700000,0.092120
TREX-DA+NN: TAFS,Random,mean_FDP,5.000000,0.700000,0.111834
TREX-DA+NN: TAFS,Random,sd_FDP,5.000000,0.700000,0.060517
TREX-DA+NN: TAFS,Random,mean_TPP,5.000000,0.800000,0.927500
TREX-DA+NN: TAFS,Random,sd_TPP,5.000000,0.800000,0.098193
TREX-DA+NN: TAFS,Random,mean_FDP,5.000000,0.800000,0.130810
TREX-DA+NN: TAFS,Random,sd_FDP,5.000000,0.800000,0.075588
TREX-DA+NN: TAFS,Random,mean_TPP,5.000000,0.900000,0.820000
TREX-DA+NN: TAFS,Random,sd_TPP,5.000000,0.900000,0.128384
TREX-DA+NN: TAFS,Random,mean_FDP,5.000000,0.900000,0.245191
TREX-DA+NN: TAFS,Random,sd_FDP,5.000000,0.900000,0.121422
TREX-DA+NN: TOMP,CappedSpread,mean_TPP,0.100000,0.100000,0.000000
TREX-DA+NN: TOMP,CappedSpread,sd_TPP,0.100000,0.100000,0.000000
TREX-DA+NN: TOMP,CappedSpread,mean_FDP,0.100000,0.100000,0.000000
TREX-DA+NN: TOMP,CappedSpread,sd_FDP,0.100000,0.100000,0.000000
TREX-DA+NN: TOMP,CappedSpread,mean_TPP,0.100000,0.200000,0.000000
TREX-DA+NN: TOMP,CappedSpread,sd_TPP,0.100000,0.200000,0.000000
TREX-DA+NN: TOMP,CappedSpread,mean_FDP,0.100000,0.200000,0.000000
TREX-DA+NN: TOMP,CappedSpread,sd_FDP,0.100000,0.200000,0.000000
TREX-DA+NN: TOMP,CappedSpread,mean_TPP,0.100000,0.300000,0.000000
TREX-DA+NN: TOMP,CappedSpread,sd_TPP,0.100000,0.300000,0.000000
TREX-DA+NN: TOMP,CappedSpread,mean_FDP,0.100000,0.300000,0.000000
TREX-DA+NN: TOMP,CappedSpread,sd_FDP,0.100000,0.300000,0.000000
TREX-DA+NN: TOMP,CappedSpread,mean_TPP,0.100000,0.400000,0.000000
TREX-DA+NN: TOMP,CappedSpread,sd_TPP,0.100000,0.400000,0.000000
TREX-DA+NN: TOMP,CappedSpread,mean_FDP,0.100000,0.400000,0.000000
TREX-DA+NN: TOMP,CappedSpread,sd_FDP,0.100000,0.400000,0.000000
TREX-DA+NN: TOMP,CappedSpread,mean_TPP,0.100000,0.500000,0.000000
TREX-DA+NN: TOMP,CappedSpread,sd_TPP,0.100000,0.500000,0.000000
TREX-DA+NN: TOMP,CappedSpread,mean_FDP,0.100000,0.500000,0.000000
TREX-DA+NN: TOMP,CappedSpread,sd_FDP,0.100000,0.500000,0.000000
TREX-DA+NN: TOMP,CappedSpread,mean_TPP,0.100000,0.600000,0.000000
TREX-DA+NN: TOMP,CappedSpread,sd_TPP,0.100000,0.600000,0.000000
TREX-DA+NN: TOMP,CappedSpread,mean_FDP,0.100000,0.600000,0.000000
TREX-DA+NN: TOMP,CappedSpread,sd_FDP,0.100000,0.600000,0.000000
TREX-DA+NN: TOMP,CappedSpread,mean_TPP,0.100000,0.700000,0.000500
TREX-DA+NN: TOMP,CappedSpread,sd_TPP,0.100000,0.700000,0.007071
TREX-DA+NN: TOMP,CappedSpread,mean_FDP,0.100000,0.700000,0.005000
TREX-DA+NN: TOMP,CappedSpread,sd_FDP,0.100000,0.700000,0.070711
TREX-DA+NN: TOMP,CappedSpread,mean_TPP,0.100000,0.800000,0.003500
TREX-DA+NN: TOMP,CappedSpread,sd_TPP,0.100000,0.800000,0.018424
TREX-DA+NN: TOMP,CappedSpread,mean_FDP,0.100000,0.800000,0.045000
TREX-DA+NN: TOMP,CappedSpread,sd_FDP,0.100000,0.800000,0.201689
TREX-DA+NN: TOMP,CappedSpread,mean_TPP,0.100000,0.900000,0.004000
TREX-DA+NN: TOMP,CappedSpread,sd_TPP,0.100000,0.900000,0.019645
TREX-DA+NN: TOMP,CappedSpread,mean_FDP,0.100000,0.900000,0.120000
TREX-DA+NN: TOMP,CappedSpread,sd_FDP,0.100000,0.900000,0.317971
TREX-DA+NN: TOMP,CappedSpread,mean_TPP,0.200000,0.100000,0.000000
TREX-DA+NN: TOMP,CappedSpread,sd_TPP,0.200000,0.100000,0.000000
TREX-DA+NN: TOMP,CappedSpread,mean_FDP,0.200000,0.100000,0.000000
TREX-DA+NN: TOMP,CappedSpread,sd_FDP,0.200000,0.100000,0.000000
TREX-DA+NN: TOMP,CappedSpread,mean_TPP,0.200000,0.200000,0.000000
TREX-DA+NN: TOMP,CappedSpread,sd_TPP,0.200000,0.200000,0.000000
TREX-DA+NN: TOMP,CappedSpread,mean_FDP,0.200000,0.200000,0.000000
TREX-DA+NN: TOMP,CappedSpread,sd_FDP,0.200000,0.200000,0.000000
TREX-DA+NN: TOMP,CappedSpread,mean_TPP,0.200000,0.300000,0.000000
TREX-DA+NN: TOMP,CappedSpread,sd_TPP,0.200000,0.300000,0.000000
TREX-DA+NN: TOMP,CappedSpread,mean_FDP,0.200000,0.300000,0.000000
TREX-DA+NN: TOMP,CappedSpread,sd_FDP,0.200000,0.300000,0.000000
TREX-DA+NN: TOMP,CappedSpread,mean_TPP,0.200000,0.400000,0.000500
TREX-DA+NN: TOMP,CappedSpread,sd_TPP,0.200000,0.400000,0.007071
TREX-DA+NN: TOMP,CappedSpread,mean_FDP,0.200000,0.400000,0.002500
TREX-DA+NN: TOMP,CappedSpread,sd_FDP,0.200000,0.400000,0.035355
TREX-DA+NN: TOMP,CappedSpread,mean_TPP,0.200000,0.500000,0.001000
TREX-DA+NN: TOMP,CappedSpread,sd_TPP,0.200000,0.500000,0.014142
TREX-DA+NN: TOMP,CappedSpread,mean_FDP,0.200000,0.500000,0.001667
TREX-DA+NN: TOMP,CappedSpread,sd_FDP,0.200000,0.500000,0.023570
TREX-DA+NN: TOMP,CappedSpread,mean_TPP,0.200000,0.600000,0.000000
TREX-DA+NN: TOMP,CappedSpread,sd_TPP,0.200000,0.600000,0.000000
TREX-DA+NN: TOMP,CappedSpread,mean_FDP,0.200000,0.600000,0.000000
TREX-DA+NN: TOMP,CappedSpread,sd_FDP,0.200000,0.600000,0.000000
TREX-DA+NN: TOMP,CappedSpread,mean_TPP,0.200000,0.700000,0.007000
TREX-DA+NN: TOMP,CappedSpread,sd_TPP,0.200000,0.700000,0.032500
TREX-DA+NN: TOMP,CappedSpread,mean_FDP,0.200000,0.700000,0.012500
TREX-DA+NN: TOMP,CappedSpread,sd_FDP,0.200000,0.700000,0.105591
TREX-DA+NN: TOMP,CappedSpread,mean_TPP,0.200000,0.800000,0.019000
TREX-DA+NN: TOMP,CappedSpread,sd_TPP,0.200000,0.800000,0.048485
TREX-DA+NN: TOMP,CappedSpread,mean_FDP,0.200000,0.800000,0.093333
TREX-DA+NN: TOMP,CappedSpread,sd_FDP,0.200000,0.800000,0.279407
TREX-DA+NN: TOMP,CappedSpread,mean_TPP,0.200000,0.900000,0.020500
TREX-DA+NN: TOMP,CappedSpread,sd_TPP,0.200000,0.900000,0.048389
TREX-DA+NN: TOMP,CappedSpread,mean_FDP,0.200000,0.900000,0.325833
TREX-DA+NN: TOMP,CappedSpread,sd_FDP,0.200000,0.900000,0.441132
TREX-DA+NN: TOMP,CappedSpread,mean_TPP,0.500000,0.100000,0.133000
TREX-DA+NN: TOMP,CappedSpread,sd_TPP,0.500000,0.100000,0.213162
TREX-DA+NN: TOMP,CappedSpread,mean_FDP,0.500000,0.100000,0.021001
TREX-DA+NN: TOMP,CappedSpread,sd_FDP,0.500000,0.100000,0.073649
TREX-DA+NN: TOMP,CappedSpread,mean_TPP,0.500000,0.200000,0.124500
TREX-DA+NN: TOMP,CappedSpread,sd_TPP,0.500000,0.200000,0.215131
TREX-DA+NN: TOMP,CappedSpread,mean_FDP,0.500000,0.200000,0.015780
TREX-DA+NN: TOMP,CappedSpread,sd_FDP,0.500000,0.200000,0.063396
TREX-DA+NN: TOMP,CappedSpread,mean_TPP,0.500000,0.300000,0.147000
TREX-DA+NN: TOMP,CappedSpread,sd_TPP,0.500000,0.300000,0.234448
TREX-DA+NN: TOMP,CappedSpread,mean_FDP,0.500000,0.300000,0.022161
TREX-DA+NN: TOMP,CappedSpread,sd_FDP,0.500000,0.300000,0.098453
TREX-DA+NN: TOMP,CappedSpread,mean_TPP,0.500000,0.400000,0.134000
TREX-DA+NN: TOMP,CappedSpread,sd_TPP,0.500000,0.400000,0.222241
TREX-DA+NN: TOMP,CappedSpread,mean_FDP,0.500000,0.400000,0.015679
TREX-DA+NN: TOMP,CappedSpread,sd_FDP,0.500000,0.400000,0.062260
TREX-DA+NN: TOMP,CappedSpread,mean_TPP,0.500000,0.500000,0.141000
TREX-DA+NN: TOMP,CappedSpread,sd_TPP,0.500000,0.500000,0.220595
TREX-DA+NN: TOMP,CappedSpread,mean_FDP,0.500000,0.500000,0.025417
TREX-DA+NN: TOMP,CappedSpread,sd_FDP,0.500000,0.500000,0.081853
TREX-DA+NN: TOMP,CappedSpread,mean_TPP,0.500000,0.600000,0.135500
TREX-DA+NN: TOMP,CappedSpread,sd_TPP,0.500000,0.600000,0.221438
TREX-DA+NN: TOMP,CappedSpread,mean_FDP,0.500000,0.600000,0.033776
TREX-DA+NN: TOMP,CappedSpread,sd_FDP,0.500000,0.600000,0.116216
TREX-DA+NN: TOMP,CappedSpread,mean_TPP,0.500000,0.700000,0.157000
TREX-DA+NN: TOMP,CappedSpread,sd_TPP,0.500000,0.700000,0.209212
TREX-DA+NN: TOMP,CappedSpread,mean_FDP,0.500000,0.700000,0.069621
TREX-DA+NN: TOMP,CappedSpread,sd_FDP,0.500000,0.700000,0.149109
TREX-DA+NN: TOMP,CappedSpread,mean_TPP,0.500000,0.800000,0.224500
TREX-DA+NN: TOMP,CappedSpread,sd_TPP,0.500000,0.800000,0.174073
TREX-DA+NN: TOMP,CappedSpread,mean_FDP,0.500000,0.800000,0.246028
TREX-DA+NN: TOMP,CappedSpread,sd_FDP,0.500000,0.800000,0.267585
TREX-DA+NN: TOMP,CappedSpread,mean_TPP,0.500000,0.900000,0.166000
TREX-DA+NN: TOMP,CappedSpread,sd_TPP,0.500000,0.900000,0.132407
TREX-DA+NN: TOMP,CappedSpread,mean_FDP,0.500000,0.900000,0.585268
TREX-DA+NN: TOMP,CappedSpread,sd_FDP,0.500000,0.900000,0.274887
TREX-DA+NN: TOMP,CappedSpread,mean_TPP,1.000000,0.100000,0.845500
TREX-DA+NN: TOMP,CappedSpread,sd_TPP,1.000000,0.100000,0.185883
TREX-DA+NN: TOMP,CappedSpread,mean_FDP,1.000000,0.100000,0.044909
TREX-DA+NN: TOMP,CappedSpread,sd_FDP,1.000000,0.100000,0.073228
TREX-DA+NN: TOMP,CappedSpread,mean_TPP,1.000000,0.200000,0.835500
TREX-DA+NN: TOMP,CappedSpread,sd_TPP,1.000000,0.200000,0.209306
TREX-DA+NN: TOMP,CappedSpread,mean_FDP,1.000000,0.200000,0.047745
TREX-DA+NN: TOMP,CappedSpread,sd_FDP,1.000000,0.200000,0.072541
TREX-DA+NN: TOMP,CappedSpread,mean_TPP,1.000000,0.300000,0.880000
TREX-DA+NN: TOMP,CappedSpread,sd_TPP,1.000000,0.300000,0.193876
TREX-DA+NN: TOMP,CappedSpread,mean_FDP,1.000000,0.300000,0.056371
TREX-DA+NN: TOMP,CappedSpread,sd_FDP,1.000000,0.300000,0.073797
TREX-DA+NN: TOMP,CappedSpread,mean_TPP,1.000000,0.400000,0.882000
TREX-DA+NN: TOMP,CappedSpread,sd_TPP,1.000000,0.400000,0.186682
TREX-DA+NN: TOMP,CappedSpread,mean_FDP,1.000000,0.400000,0.056763
TREX-DA+NN: TOMP,CappedSpread,sd_FDP,1.000000,0.400000,0.069980
TREX-DA+NN: TOMP,CappedSpread,mean_TPP,1.000000,0.500000,0.879000
TREX-DA+NN: TOMP,CappedSpread,sd_TPP,1.000000,0.500000,0.171775
TREX-DA+NN: TOMP,CappedSpread,mean_FDP,1.000000,0.500000,0.056928
TREX-DA+NN: TOMP,CappedSpread,sd_FDP,1.000000,0.500000,0.069845
TREX-DA+NN: TOMP,CappedSpread,mean_TPP,1.000000,0.600000,0.858500
TREX-DA+NN: TOMP,CappedSpread,sd_TPP,1.000000,0.600000,0.190286
TREX-DA+NN: TOMP,CappedSpread,mean_FDP,1.000000,0.600000,0.075685
TREX-DA+NN: TOMP,CappedSpread,sd_FDP,1.000000,0.600000,0.085820
TREX-DA+NN: TOMP,CappedSpread,mean_TPP,1.000000,0.700000,0.833000
TREX-DA+NN: TOMP,CappedSpread,sd_TPP,1.000000,0.700000,0.184612
TREX-DA+NN: TOMP,CappedSpread,mean_FDP,1.000000,0.700000,0.108999
TREX-DA+NN: TOMP,CappedSpread,sd_FDP,1.000000,0.700000,0.100677
TREX-DA+NN: TOMP,CappedSpread,mean_TPP,1.000000,0.800000,0.759000
TREX-DA+NN: TOMP,CappedSpread,sd_TPP,1.000000,0.800000,0.163563
TREX-DA+NN: TOMP,CappedSpread,mean_FDP,1.000000,0.800000,0.184263
TREX-DA+NN: TOMP,CappedSpread,sd_FDP,1.000000,0.800000,0.131758
TREX-DA+NN: TOMP,CappedSpread,mean_TPP,1.000000,0.900000,0.448500
TREX-DA+NN: TOMP,CappedSpread,sd_TPP,1.000000,0.900000,0.166844
TREX-DA+NN: TOMP,CappedSpread,mean_FDP,1.000000,0.900000,0.438721
TREX-DA+NN: TOMP,CappedSpread,sd_FDP,1.000000,0.900000,0.176397
TREX-DA+NN: TOMP,CappedSpread,mean_TPP,2.000000,0.100000,0.970000
TREX-DA+NN: TOMP,CappedSpread,sd_TPP,2.000000,0.100000,0.086820
TREX-DA+NN: TOMP,CappedSpread,mean_FDP,2.000000,0.100000,0.068872
TREX-DA+NN: TOMP,CappedSpread,sd_FDP,2.000000,0.100000,0.067069
TREX-DA+NN: TOMP,CappedSpread,mean_TPP,2.000000,0.200000,0.970500
TREX-DA+NN: TOMP,CappedSpread,sd_TPP,2.000000,0.200000,0.075553
TREX-DA+NN: TOMP,CappedSpread,mean_FDP,2.000000,0.200000,0.076164
TREX-DA+NN: TOMP,CappedSpread,sd_FDP,2.000000,0.200000,0.067501
TREX-DA+NN: TOMP,CappedSpread,mean_TPP,2.000000,0.300000,0.996500
TREX-DA+NN: TOMP,CappedSpread,sd_TPP,2.000000,0.300000,0.018424
TREX-DA+NN: TOMP,CappedSpread,mean_FDP,2.000000,0.300000,0.092415
TREX-DA+NN: TOMP,CappedSpread,sd_FDP,2.000000,0.300000,0.058703
TREX-DA+NN: TOMP,CappedSpread,mean_TPP,2.000000,0.400000,0.999000
TREX-DA+NN: TOMP,CappedSpread,sd_TPP,2.000000,0.400000,0.009975
TREX-DA+NN: TOMP,CappedSpread,mean_FDP,2.000000,0.400000,0.085855
TREX-DA+NN: TOMP,CappedSpread,sd_FDP,2.000000,0.400000,0.058740
TREX-DA+NN: TOMP,CappedSpread,mean_TPP,2.000000,0.500000,0.999000
TREX-DA+NN: TOMP,CappedSpread,sd_TPP,2.000000,0.500000,0.009975
TREX-DA+NN: TOMP,CappedSpread,mean_FDP,2.000000,0.500000,0.082731
TREX-DA+NN: TOMP,CappedSpread,sd_FDP,2.000000,0.500000,0.058671
TREX-DA+NN: TOMP,CappedSpread,mean_TPP,2.000000,0.600000,0.994000
TREX-DA+NN: TOMP,CappedSpread,sd_TPP,2.000000,0.600000,0.023808
TREX-DA+NN: TOMP,CappedSpread,mean_FDP,2.000000,0.600000,0.085850
TREX-DA+NN: TOMP,CappedSpread,sd_FDP,2.000000,0.600000,0.062081
TREX-DA+NN: TOMP,CappedSpread,mean_TPP,2.000000,0.700000,0.983000
TREX-DA+NN: TOMP,CappedSpread,sd_TPP,2.000000,0.700000,0.040238
TREX-DA+NN: TOMP,CappedSpread,mean_FDP,2.000000,0.700000,0.090859
TREX-DA+NN: TOMP,CappedSpread,sd_FDP,2.000000,0.700000,0.066761
TREX-DA+NN: TOMP,CappedSpread,mean_TPP,2.000000,0.800000,0.935500
TREX-DA+NN: TOMP,CappedSpread,sd_TPP,2.000000,0.800000,0.076281
TREX-DA+NN: TOMP,CappedSpread,mean_FDP,2.000000,0.800000,0.126764
TREX-DA+NN: TOMP,CappedSpread,sd_FDP,2.000000,0.800000,0.091740
TREX-DA+NN: TOMP,CappedSpread,mean_TPP,2.000000,0.900000,0.727000
TREX-DA+NN: TOMP,CappedSpread,sd_TPP,2.000000,0.900000,0.138081
TREX-DA+NN: TOMP,CappedSpread,mean_FDP,2.000000,0.900000,0.309312
TREX-DA+NN: TOMP,CappedSpread,sd_FDP,2.000000,0.900000,0.137178
TREX-DA+NN: TOMP,CappedSpread,mean_TPP,5.000000,0.100000,0.968000
TREX-DA+NN: TOMP,CappedSpread,sd_TPP,5.000000,0.100000,0.086681
TREX-DA+NN: TOMP,CappedSpread,mean_FDP,5.000000,0.100000,0.073418
TREX-DA+NN: TOMP,CappedSpread,sd_FDP,5.000000,0.100000,0.072453
TREX-DA+NN: TOMP,CappedSpread,mean_TPP,5.000000,0.200000,0.973500
TREX-DA+NN: TOMP,CappedSpread,sd_TPP,5.000000,0.200000,0.073994
TREX-DA+NN: TOMP,CappedSpread,mean_FDP,5.000000,0.200000,0.075797
TREX-DA+NN: TOMP,CappedSpread,sd_FDP,5.000000,0.200000,0.067335
TREX-DA+NN: TOMP,CappedSpread,mean_TPP,5.000000,0.300000,0.998500
TREX-DA+NN: TOMP,CappedSpread,sd_TPP,5.000000,0.300000,0.012186
TREX-DA+NN: TOMP,CappedSpread,mean_FDP,5.000000,0.300000,0.092622
TREX-DA+NN: TOMP,CappedSpread,sd_FDP,5.000000,0.300000,0.060572
TREX-DA+NN: TOMP,CappedSpread,mean_TPP,5.000000,0.400000,0.999500
TREX-DA+NN: TOMP,CappedSpread,sd_TPP,5.000000,0.400000,0.007071
TREX-DA+NN: TOMP,CappedSpread,mean_FDP,5.000000,0.400000,0.091381
TREX-DA+NN: TOMP,CappedSpread,sd_FDP,5.000000,0.400000,0.060387
TREX-DA+NN: TOMP,CappedSpread,mean_TPP,5.000000,0.500000,0.999500
TREX-DA+NN: TOMP,CappedSpread,sd_TPP,5.000000,0.500000,0.007071
TREX-DA+NN: TOMP,CappedSpread,mean_FDP,5.000000,0.500000,0.088297
TREX-DA+NN: TOMP,CappedSpread,sd_FDP,5.000000,0.500000,0.058723
TREX-DA+NN: TOMP,CappedSpread,mean_TPP,5.000000,0.600000,1.000000
TREX-DA+NN: TOMP,CappedSpread,sd_TPP,5.000000,0.600000,0.000000
TREX-DA+NN: TOMP,CappedSpread,mean_FDP,5.000000,0.600000,0.078217
TREX-DA+NN: TOMP,CappedSpread,sd_FDP,5.000000,0.600000,0.056794
TREX-DA+NN: TOMP,CappedSpread,mean_TPP,5.000000,0.700000,0.998500
TREX-DA+NN: TOMP,CappedSpread,sd_TPP,5.000000,0.700000,0.015780
TREX-DA+NN: TOMP,CappedSpread,mean_FDP,5.000000,0.700000,0.077368
TREX-DA+NN: TOMP,CappedSpread,sd_FDP,5.000000,0.700000,0.055477
TREX-DA+NN: TOMP,CappedSpread,mean_TPP,5.000000,0.800000,0.984500
TREX-DA+NN: TOMP,CappedSpread,sd_TPP,5.000000,0.800000,0.038953
TREX-DA+NN: TOMP,CappedSpread,mean_FDP,5.000000,0.800000,0.081858
TREX-DA+NN: TOMP,CappedSpread,sd_FDP,5.000000,0.800000,0.067666
TREX-DA+NN: TOMP,CappedSpread,mean_TPP,5.000000,0.900000,0.855500
TREX-DA+NN: TOMP,CappedSpread,sd_TPP,5.000000,0.900000,0.113287
TREX-DA+NN: TOMP,CappedSpread,mean_FDP,5.000000,0.900000,0.203754
TREX-DA+NN: TOMP,CappedSpread,sd_FDP,5.000000,0.900000,0.124922
TREX-DA+NN: TOMP,Random,mean_TPP,0.100000,0.100000,0.000000
TREX-DA+NN: TOMP,Random,sd_TPP,0.100000,0.100000,0.000000
TREX-DA+NN: TOMP,Random,mean_FDP,0.100000,0.100000,0.000000
TREX-DA+NN: TOMP,Random,sd_FDP,0.100000,0.100000,0.000000
TREX-DA+NN: TOMP,Random,mean_TPP,0.100000,0.200000,0.000000
TREX-DA+NN: TOMP,Random,sd_TPP,0.100000,0.200000,0.000000
TREX-DA+NN: TOMP,Random,mean_FDP,0.100000,0.200000,0.000000
TREX-DA+NN: TOMP,Random,sd_FDP,0.100000,0.200000,0.000000
TREX-DA+NN: TOMP,Random,mean_TPP,0.100000,0.300000,0.000000
TREX-DA+NN: TOMP,Random,sd_TPP,0.100000,0.300000,0.000000
TREX-DA+NN: TOMP,Random,mean_FDP,0.100000,0.300000,0.000000
TREX-DA+NN: TOMP,Random,sd_FDP,0.100000,0.300000,0.000000
TREX-DA+NN: TOMP,Random,mean_TPP,0.100000,0.400000,0.000000
TREX-DA+NN: TOMP,Random,sd_TPP,0.100000,0.400000,0.000000
TREX-DA+NN: TOMP,Random,mean_FDP,0.100000,0.400000,0.000000
TREX-DA+NN: TOMP,Random,sd_FDP,0.100000,0.400000,0.000000
TREX-DA+NN: TOMP,Random,mean_TPP,0.100000,0.500000,0.000000
TREX-DA+NN: TOMP,Random,sd_TPP,0.100000,0.500000,0.000000
TREX-DA+NN: TOMP,Random,mean_FDP,0.100000,0.500000,0.000000
TREX-DA+NN: TOMP,Random,sd_FDP,0.100000,0.500000,0.000000
TREX-DA+NN: TOMP,Random,mean_TPP,0.100000,0.600000,0.000000
TREX-DA+NN: TOMP,Random,sd_TPP,0.100000,0.600000,0.000000
TREX-DA+NN: TOMP,Random,mean_FDP,0.100000,0.600000,0.000000
TREX-DA+NN: TOMP,Random,sd_FDP,0.100000,0.600000,0.000000
TREX-DA+NN: TOMP,Random,mean_TPP,0.100000,0.700000,0.003000
TREX-DA+NN: TOMP,Random,sd_TPP,0.100000,0.700000,0.019823
TREX-DA+NN: TOMP,Random,mean_FDP,0.100000,0.700000,0.021667
TREX-DA+NN: TOMP,Random,sd_FDP,0.100000,0.700000,0.132945
TREX-DA+NN: TOMP,Random,mean_TPP,0.100000,0.800000,0.005000
TREX-DA+NN: TOMP,Random,sd_TPP,0.100000,0.800000,0.024039
TREX-DA+NN: TOMP,Random,mean_FDP,0.100000,0.800000,0.056667
TREX-DA+NN: TOMP,Random,sd_FDP,0.100000,0.800000,0.229363
TREX-DA+NN: TOMP,Random,mean_TPP,0.100000,0.900000,0.005000
TREX-DA+NN: TOMP,Random,sd_TPP,0.100000,0.900000,0.021849
TREX-DA+NN: TOMP,Random,mean_FDP,0.100000,0.900000,0.102500
TREX-DA+NN: TOMP,Random,sd_FDP,0.100000,0.900000,0.301993
TREX-DA+NN: TOMP,Random,mean_TPP,0.200000,0.100000,0.000000
TREX-DA+NN: TOMP,Random,sd_TPP,0.200000,0.100000,0.000000
TREX-DA+NN: TOMP,Random,mean_FDP,0.200000,0.100000,0.000000
TREX-DA+NN: TOMP,Random,sd_FDP,0.200000,0.100000,0.000000
TREX-DA+NN: TOMP,Random,mean_TPP,0.200000,0.200000,0.000000
TREX-DA+NN: TOMP,Random,sd_TPP,0.200000,0.200000,0.000000
TREX-DA+NN: TOMP,Random,mean_FDP,0.200000,0.200000,0.000000
TREX-DA+NN: TOMP,Random,sd_FDP,0.200000,0.200000,0.000000
TREX-DA+NN: TOMP,Random,mean_TPP,0.200000,0.300000,0.000000
TREX-DA+NN: TOMP,Random,sd_TPP,0.200000,0.300000,0.000000
TREX-DA+NN: TOMP,Random,mean_FDP,0.200000,0.300000,0.000000
TREX-DA+NN: TOMP,Random,sd_FDP,0.200000,0.300000,0.000000
TREX-DA+NN: TOMP,Random,mean_TPP,0.200000,0.400000,0.000000
TREX-DA+NN: TOMP,Random,sd_TPP,0.200000,0.400000,0.000000
TREX-DA+NN: TOMP,Random,mean_FDP,0.200000,0.400000,0.000000
TREX-DA+NN: TOMP,Random,sd_FDP,0.200000,0.400000,0.000000
TREX-DA+NN: TOMP,Random,mean_TPP,0.200000,0.500000,0.000000
TREX-DA+NN: TOMP,Random,sd_TPP,0.200000,0.500000,0.000000
TREX-DA+NN: TOMP,Random,mean_FDP,0.200000,0.500000,0.000000
TREX-DA+NN: TOMP,Random,sd_FDP,0.200000,0.500000,0.000000
TREX-DA+NN: TOMP,Random,mean_TPP,0.200000,0.600000,0.000000
TREX-DA+NN: TOMP,Random,sd_TPP,0.200000,0.600000,0.000000
TREX-DA+NN: TOMP,Random,mean_FDP,0.200000,0.600000,0.000000
TREX-DA+NN: TOMP,Random,sd_FDP,0.200000,0.600000,0.000000
TREX-DA+NN: TOMP,Random,mean_TPP,0.200000,0.700000,0.009500
TREX-DA+NN: TOMP,Random,sd_TPP,0.200000,0.700000,0.038303
TREX-DA+NN: TOMP,Random,mean_FDP,0.200000,0.700000,0.026667
TREX-DA+NN: TOMP,Random,sd_FDP,0.200000,0.700000,0.149856
TREX-DA+NN: TOMP,Random,mean_TPP,0.200000,0.800000,0.027500
TREX-DA+NN: TOMP,Random,sd_TPP,0.200000,0.800000,0.051057
TREX-DA+NN: TOMP,Random,mean_FDP,0.200000,0.800000,0.134167
TREX-DA+NN: TOMP,Random,sd_FDP,0.200000,0.800000,0.312005
TREX-DA+NN: TOMP,Random,mean_TPP,0.200000,0.900000,0.028000
TREX-DA+NN: TOMP,Random,sd_TPP,0.200000,0.900000,0.051275
TREX-DA+NN: TOMP,Random,mean_FDP,0.200000,0.900000,0.290833
TREX-DA+NN: TOMP,Random,sd_FDP,0.200000,0.900000,0.432730
TREX-DA+NN: TOMP,Random,mean_TPP,0.500000,0.100000,0.147500
TREX-DA+NN: TOMP,Random,sd_TPP,0.500000,0.100000,0.236162
TREX-DA+NN: TOMP,Random,mean_FDP,0.500000,0.100000,0.016885
TREX-DA+NN: TOMP,Random,sd_FDP,0.500000,0.100000,0.059995
TREX-DA+NN: TOMP,Random,mean_TPP,0.500000,0.200000,0.157000
TREX-DA+NN: TOMP,Random,sd_TPP,0.500000,0.200000,0.239872
TREX-DA+NN: TOMP,Random,mean_FDP,0.500000,0.200000,0.016481
TREX-DA+NN: TOMP,Random,sd_FDP,0.500000,0.200000,0.060500
TREX-DA+NN: TOMP,Random,mean_TPP,0.500000,0.300000,0.168500
TREX-DA+NN: TOMP,Random,sd_TPP,0.500000,0.300000,0.237782
TREX-DA+NN: TOMP,Random,mean_FDP,0.500000,0.300000,0.015185
TREX-DA+NN: TOMP,Random,sd_FDP,0.500000,0.300000,0.062323
TREX-DA+NN: TOMP,Random,mean_TPP,0.500000,0.400000,0.156000
TREX-DA+NN: TOMP,Random,sd_TPP,0.500000,0.400000,0.236312
TREX-DA+NN: TOMP,Random,mean_FDP,0.500000,0.400000,0.023692
TREX-DA+NN: TOMP,Random,sd_FDP,0.500000,0.400000,0.076005
TREX-DA+NN: TOMP,Random,mean_TPP,0.500000,0.500000,0.154000
TREX-DA+NN: TOMP,Random,sd_TPP,0.500000,0.500000,0.220288
TREX-DA+NN: TOMP,Random,mean_FDP,0.500000,0.500000,0.028280
TREX-DA+NN: TOMP,Random,sd_FDP,0.500000,0.500000,0.088118
TREX-DA+NN: TOMP,Random,mean_TPP,0.500000,0.600000,0.135000
TREX-DA+NN: TOMP,Random,sd_TPP,0.500000,0.600000,0.213549
TREX-DA+NN: TOMP,Random,mean_FDP,0.500000,0.600000,0.039986
TREX-DA+NN: TOMP,Random,sd_FDP,0.500000,0.600000,0.136723
TREX-DA+NN: TOMP,Random,mean_TPP,0.500000,0.700000,0.179000
TREX-DA+NN: TOMP,Random,sd_TPP,0.500000,0.700000,0.197876
TREX-DA+NN: TOMP,Random,mean_FDP,0.500000,0.700000,0.098304
TREX-DA+NN: TOMP,Random,sd_FDP,0.500000,0.700000,0.193176
TREX-DA+NN: TOMP,Random,mean_TPP,0.500000,0.800000,0.238000
TREX-DA+NN: TOMP,Random,sd_TPP,0.500000,0.800000,0.164900
TREX-DA+NN: TOMP,Random,mean_FDP,0.500000,0.800000,0.231714
TREX-DA+NN: TOMP,Random,sd_FDP,0.500000,0.800000,0.264604
TREX-DA+NN: TOMP,Random,mean_TPP,0.500000,0.900000,0.166000
TREX-DA+NN: TOMP,Random,sd_TPP,0.500000,0.900000,0.140509
TREX-DA+NN: TOMP,Random,mean_FDP,0.500000,0.900000,0.499095
TREX-DA+NN: TOMP,Random,sd_FDP,0.500000,0.900000,0.349422
TREX-DA+NN: TOMP,Random,mean_TPP,1.000000,0.100000,0.825500
TREX-DA+NN: TOMP,Random,sd_TPP,1.000000,0.100000,0.224839
TREX-DA+NN: TOMP,Random,mean_FDP,1.000000,0.100000,0.049621
TREX-DA+NN: TOMP,Random,sd_FDP,1.000000,0.100000,0.066647
TREX-DA+NN: TOMP,Random,mean_TPP,1.000000,0.200000,0.838000
TREX-DA+NN: TOMP,Random,sd_TPP,1.000000,0.200000,0.188504
TREX-DA+NN: TOMP,Random,mean_FDP,1.000000,0.200000,0.054827
TREX-DA+NN: TOMP,Random,sd_FDP,1.000000,0.200000,0.074847
TREX-DA+NN: TOMP,Random,mean_TPP,1.000000,0.300000,0.880500
TREX-DA+NN: TOMP,Random,sd_TPP,1.000000,0.300000,0.174130
TREX-DA+NN: TOMP,Random,mean_FDP,1.000000,0.300000,0.060867
TREX-DA+NN: TOMP,Random,sd_FDP,1.000000,0.300000,0.078970
TREX-DA+NN: TOMP,Random,mean_TPP,1.000000,0.400000,0.854000
TREX-DA+NN: TOMP,Random,sd_TPP,1.000000,0.400000,0.200963
TREX-DA+NN: TOMP,Random,mean_FDP,1.000000,0.400000,0.054658
TREX-DA+NN: TOMP,Random,sd_FDP,1.000000,0.400000,0.073044
TREX-DA+NN: TOMP,Random,mean_TPP,1.000000,0.500000,0.866000
TREX-DA+NN: TOMP,Random,sd_TPP,1.000000,0.500000,0.185516
TREX-DA+NN: TOMP,Random,mean_FDP,1.000000,0.500000,0.058399
TREX-DA+NN: TOMP,Random,sd_FDP,1.000000,0.500000,0.075862
TREX-DA+NN: TOMP,Random,mean_TPP,1.000000,0.600000,0.836000
TREX-DA+NN: TOMP,Random,sd_TPP,1.000000,0.600000,0.179905
TREX-DA+NN: TOMP,Random,mean_FDP,1.000000,0.600000,0.074485
TREX-DA+NN: TOMP,Random,sd_FDP,1.000000,0.600000,0.086266
TREX-DA+NN: TOMP,Random,mean_TPP,1.000000,0.700000,0.800500
TREX-DA+NN: TOMP,Random,sd_TPP,1.000000,0.700000,0.195553
TREX-DA+NN: TOMP,Random,mean_FDP,1.000000,0.700000,0.104960
TREX-DA+NN: TOMP,Random,sd_FDP,1.000000,0.700000,0.103626
TREX-DA+NN: TOMP,Random,mean_TPP,1.000000,0.800000,0.703500
TREX-DA+NN: TOMP,Random,sd_TPP,1.000000,0.800000,0.191103
TREX-DA+NN: TOMP,Random,mean_FDP,1.000000,0.800000,0.198060
TREX-DA+NN: TOMP,Random,sd_FDP,1.000000,0.800000,0.145291
TREX-DA+NN: TOMP,Random,mean_TPP,1.000000,0.900000,0.472500
TREX-DA+NN: TOMP,Random,sd_TPP,1.000000,0.900000,0.189932
TREX-DA+NN: TOMP,Random,mean_FDP,1.000000,0.900000,0.404169
TREX-DA+NN: TOMP,Random,sd_FDP,1.000000,0.900000,0.194148
TREX-DA+NN: TOMP,Random,mean_TPP,2.000000,0.100000,0.972500
TREX-DA+NN: TOMP,Random,sd_TPP,2.000000,0.100000,0.087934
TREX-DA+NN: TOMP,Random,mean_FDP,2.000000,0.100000,0.073469
TREX-DA+NN: TOMP,Random,sd_FDP,2.000000,0.100000,0.068384
TREX-DA+NN: TOMP,Random,mean_TPP,2.000000,0.200000,0.973500
TREX-DA+NN: TOMP,Random,sd_TPP,2.000000,0.200000,0.076004
TREX-DA+NN: TOMP,Random,mean_FDP,2.000000,0.200000,0.070355
TREX-DA+NN: TOMP,Random,sd_FDP,2.000000,0.200000,0.064640
TREX-DA+NN: TOMP,Random,mean_TPP,2.000000,0.300000,0.991000
TREX-DA+NN: TOMP,Random,sd_TPP,2.000000,0.300000,0.039072
TREX-DA+NN: TOMP,Random,mean_FDP,2.000000,0.300000,0.089127
TREX-DA+NN: TOMP,Random,sd_FDP,2.000000,0.300000,0.064079
TREX-DA+NN: TOMP,Random,mean_TPP,2.000000,0.400000,0.991000
TREX-DA+NN: TOMP,Random,sd_TPP,2.000000,0.400000,0.039072
TREX-DA+NN: TOMP,Random,mean_FDP,2.000000,0.400000,0.087909
TREX-DA+NN: TOMP,Random,sd_FDP,2.000000,0.400000,0.062696
TREX-DA+NN: TOMP,Random,mean_TPP,2.000000,0.500000,0.992000
TREX-DA+NN: TOMP,Random,sd_TPP,2.000000,0.500000,0.033789
TREX-DA+NN: TOMP,Random,mean_FDP,2.000000,0.500000,0.085020
TREX-DA+NN: TOMP,Random,sd_FDP,2.000000,0.500000,0.065292
TREX-DA+NN: TOMP,Random,mean_TPP,2.000000,0.600000,0.986000
TREX-DA+NN: TOMP,Random,sd_TPP,2.000000,0.600000,0.038879
TREX-DA+NN: TOMP,Random,mean_FDP,2.000000,0.600000,0.084724
TREX-DA+NN: TOMP,Random,sd_FDP,2.000000,0.600000,0.063674
TREX-DA+NN: TOMP,Random,mean_TPP,2.000000,0.700000,0.967000
TREX-DA+NN: TOMP,Random,sd_TPP,2.000000,0.700000,0.056808
TREX-DA+NN: TOMP,Random,mean_FDP,2.000000,0.700000,0.087745
TREX-DA+NN: TOMP,Random,sd_FDP,2.000000,0.700000,0.073499
TREX-DA+NN: TOMP,Random,mean_TPP,2.000000,0.800000,0.912000
TREX-DA+NN: TOMP,Random,sd_TPP,2.000000,0.800000,0.091091
TREX-DA+NN: TOMP,Random,mean_FDP,2.000000,0.800000,0.132480
TREX-DA+NN: TOMP,Random,sd_FDP,2.000000,0.800000,0.095003
TREX-DA+NN: TOMP,Random,mean_TPP,2.000000,0.900000,0.707500
TREX-DA+NN: TOMP,Random,sd_TPP,2.000000,0.900000,0.162869
TREX-DA+NN: TOMP,Random,mean_FDP,2.000000,0.900000,0.293845
TREX-DA+NN: TOMP,Random,sd_FDP,2.000000,0.900000,0.158419
TREX-DA+NN: TOMP,Random,mean_TPP,5.000000,0.100000,0.974000
TREX-DA+NN: TOMP,Random,sd_TPP,5.000000,0.100000,0.086379
TREX-DA+NN: TOMP,Random,mean_FDP,5.000000,0.100000,0.068931
TREX-DA+NN: TOMP,Random,sd_FDP,5.000000,0.100000,0.067707
TREX-DA+NN: TOMP,Random,mean_TPP,5.000000,0.200000,0.973500
TREX-DA+NN: TOMP,Random,sd_TPP,5.000000,0.200000,0.076662
TREX-DA+NN: TOMP,Random,mean_FDP,5.000000,0.200000,0.070742
TREX-DA+NN: TOMP,Random,sd_FDP,5.000000,0.200000,0.067521
TREX-DA+NN: TOMP,Random,mean_TPP,5.000000,0.300000,0.992500
TREX-DA+NN: TOMP,Random,sd_TPP,5.000000,0.300000,0.036059
TREX-DA+NN: TOMP,Random,mean_FDP,5.000000,0.300000,0.085554
TREX-DA+NN: TOMP,Random,sd_FDP,5.000000,0.300000,0.061576
TREX-DA+NN: TOMP,Random,mean_TPP,5.000000,0.400000,0.994000
TREX-DA+NN: TOMP,Random,sd_TPP,5.000000,0.400000,0.032701
TREX-DA+NN: TOMP,Random,mean_FDP,5.000000,0.400000,0.086817
TREX-DA+NN: TOMP,Random,sd_FDP,5.000000,0.400000,0.068934
TREX-DA+NN: TOMP,Random,mean_TPP,5.000000,0.500000,0.995500
TREX-DA+NN: TOMP,Random,sd_TPP,5.000000,0.500000,0.027082
TREX-DA+NN: TOMP,Random,mean_FDP,5.000000,0.500000,0.087534
TREX-DA+NN: TOMP,Random,sd_FDP,5.000000,0.500000,0.061707
TREX-DA+NN: TOMP,Random,mean_TPP,5.000000,0.600000,0.996000
TREX-DA+NN: TOMP,Random,sd_TPP,5.000000,0.600000,0.026219
TREX-DA+NN: TOMP,Random,mean_FDP,5.000000,0.600000,0.083741
TREX-DA+NN: TOMP,Random,sd_FDP,5.000000,0.600000,0.058888
TREX-DA+NN: TOMP,Random,mean_TPP,5.000000,0.700000,0.991000
TREX-DA+NN: TOMP,Random,sd_TPP,5.000000,0.700000,0.039072
TREX-DA+NN: TOMP,Random,mean_FDP,5.000000,0.700000,0.071739
TREX-DA+NN: TOMP,Random,sd_FDP,5.000000,0.700000,0.063437
TREX-DA+NN: TOMP,Random,mean_TPP,5.000000,0.800000,0.966500
TREX-DA+NN: TOMP,Random,sd_TPP,5.000000,0.800000,0.056067
TREX-DA+NN: TOMP,Random,mean_FDP,5.000000,0.800000,0.085541
TREX-DA+NN: TOMP,Random,sd_FDP,5.000000,0.800000,0.072762
TREX-DA+NN: TOMP,Random,mean_TPP,5.000000,0.900000,0.853500
TREX-DA+NN: TOMP,Random,sd_TPP,5.000000,0.900000,0.108844
TREX-DA+NN: TOMP,Random,mean_FDP,5.000000,0.900000,0.178301
TREX-DA+NN: TOMP,Random,sd_FDP,5.000000,0.900000,0.110563
