solver,metric,snr,value
STANDARD,FDR,0.100000,0.000000
STANDARD,TPR,0.100000,0.000000
STANDARD,AvgL,0.100000,1.600000
STANDARD,AvgT,0.100000,4.200000
STANDARD,FDR,0.200000,0.133333
STANDARD,TPR,0.200000,0.050000
STANDARD,AvgL,0.200000,7.400000
STANDARD,AvgT,0.200000,3.500000
STANDARD,FDR,0.300000,0.050000
STANDARD,TPR,0.300000,0.040000
STANDARD,AvgL,0.300000,7.000000
STANDARD,AvgT,0.300000,5.800000
STANDARD,FDR,0.400000,0.025000
STANDARD,TPR,0.400000,0.220000
STANDARD,AvgL,0.400000,5.900000
STANDARD,AvgT,0.400000,4.200000
STANDARD,FDR,0.500000,0.058333
STANDARD,TPR,0.500000,0.180000
STANDARD,AvgL,0.500000,6.300000
STANDARD,AvgT,0.500000,4.600000
STANDARD,FDR,0.600000,0.105238
STANDARD,TPR,0.600000,0.340000
STANDARD,AvgL,0.600000,6.200000
STANDARD,AvgT,0.600000,6.300000
STANDARD,FDR,0.700000,0.049167
STANDARD,TPR,0.700000,0.430000
STANDARD,AvgL,0.700000,5.400000
STANDARD,AvgT,0.700000,5.700000
STANDARD,FDR,0.800000,0.105754
STANDARD,TPR,0.800000,0.580000
STANDARD,AvgL,0.800000,4.600000
STANDARD,AvgT,0.800000,8.700000
STANDARD,FDR,0.900000,0.052063
STANDARD,TPR,0.900000,0.670000
STANDARD,AvgL,0.900000,4.700000
STANDARD,AvgT,0.900000,20.400000
STANDARD,FDR,1.000000,0.032702
STANDARD,TPR,1.000000,0.660000
STANDARD,AvgL,1.000000,4.200000
STANDARD,AvgT,1.000000,6.800000
STANDARD,FDR,1.100000,0.078042
STANDARD,TPR,1.100000,0.860000
STANDARD,AvgL,1.100000,3.600000
STANDARD,AvgT,1.100000,10.400000
STANDARD,FDR,1.200000,0.053182
STANDARD,TPR,1.200000,0.820000
STANDARD,AvgL,1.200000,3.200000
STANDARD,AvgT,1.200000,5.100000
STANDARD,FDR,1.300000,0.048182
STANDARD,TPR,1.300000,0.830000
STANDARD,AvgL,1.300000,3.100000
STANDARD,AvgT,1.300000,6.800000
STANDARD,FDR,1.400000,0.084091
STANDARD,TPR,1.400000,0.910000
STANDARD,AvgL,1.400000,2.900000
STANDARD,AvgT,1.400000,7.300000
STANDARD,FDR,1.500000,0.025758
STANDARD,TPR,1.500000,0.940000
STANDARD,AvgL,1.500000,2.300000
STANDARD,AvgT,1.500000,5.700000
STANDARD,FDR,1.600000,0.059848
STANDARD,TPR,1.600000,0.920000
STANDARD,AvgL,1.600000,2.500000
STANDARD,AvgT,1.600000,5.100000
STANDARD,FDR,1.700000,0.000000
STANDARD,TPR,1.700000,1.000000
STANDARD,AvgL,1.700000,1.800000
STANDARD,AvgT,1.700000,6.200000
STANDARD,FDR,1.800000,0.043939
STANDARD,TPR,1.800000,1.000000
STANDARD,AvgL,1.800000,2.300000
STANDARD,AvgT,1.800000,6.100000
STANDARD,FDR,1.900000,0.053939
STANDARD,TPR,1.900000,0.980000
STANDARD,AvgL,1.900000,1.800000
STANDARD,AvgT,1.900000,6.500000
STANDARD,FDR,2.000000,0.072511
STANDARD,TPR,2.000000,1.000000
STANDARD,AvgL,2.000000,2.000000
STANDARD,AvgT,2.000000,6.900000
STANDARD,FDR,5.000000,0.027273
STANDARD,TPR,5.000000,1.000000
STANDARD,AvgL,5.000000,1.400000
STANDARD,AvgT,5.000000,5.900000
HCONCAT,FDR,0.100000,0.000000
HCONCAT,TPR,0.100000,0.000000
HCONCAT,AvgL,0.100000,1.900000
HCONCAT,AvgT,0.100000,4.900000
HCONCAT,FDR,0.200000,0.133333
HCONCAT,TPR,0.200000,0.040000
HCONCAT,AvgL,0.200000,7.600000
HCONCAT,AvgT,0.200000,3.800000
HCONCAT,FDR,0.300000,0.033333
HCONCAT,TPR,0.300000,0.060000
HCONCAT,AvgL,0.300000,7.500000
HCONCAT,AvgT,0.300000,7.600000
HCONCAT,FDR,0.400000,0.025000
HCONCAT,TPR,0.400000,0.230000
HCONCAT,AvgL,0.400000,7.200000
HCONCAT,AvgT,0.400000,11.900000
HCONCAT,FDR,0.500000,0.025000
HCONCAT,TPR,0.500000,0.200000
HCONCAT,AvgL,0.500000,6.400000
HCONCAT,AvgT,0.500000,5.600000
HCONCAT,FDR,0.600000,0.093571
HCONCAT,TPR,0.600000,0.380000
HCONCAT,AvgL,0.600000,7.500000
HCONCAT,AvgT,0.600000,7.200000
HCONCAT,FDR,0.700000,0.050952
HCONCAT,TPR,0.700000,0.450000
HCONCAT,AvgL,0.700000,6.900000
HCONCAT,AvgT,0.700000,6.900000
HCONCAT,FDR,0.800000,0.102670
HCONCAT,TPR,0.800000,0.600000
HCONCAT,AvgL,0.800000,5.100000
HCONCAT,AvgT,0.800000,7.700000
HCONCAT,FDR,0.900000,0.065079
HCONCAT,TPR,0.900000,0.730000
HCONCAT,AvgL,0.900000,5.700000
HCONCAT,AvgT,0.900000,9.500000
HCONCAT,FDR,1.000000,0.041313
HCONCAT,TPR,1.000000,0.730000
HCONCAT,AvgL,1.000000,4.200000
HCONCAT,AvgT,1.000000,11.300000
HCONCAT,FDR,1.100000,0.062273
HCONCAT,TPR,1.100000,0.860000
HCONCAT,AvgL,1.100000,3.100000
HCONCAT,AvgT,1.100000,6.400000
HCONCAT,FDR,1.200000,0.039167
HCONCAT,TPR,1.200000,0.860000
HCONCAT,AvgL,1.200000,3.500000
HCONCAT,AvgT,1.200000,5.700000
HCONCAT,FDR,1.300000,0.050884
HCONCAT,TPR,1.300000,0.810000
HCONCAT,AvgL,1.300000,2.600000
HCONCAT,AvgT,1.300000,6.200000
HCONCAT,FDR,1.400000,0.085779
HCONCAT,TPR,1.400000,0.890000
HCONCAT,AvgL,1.400000,2.900000
HCONCAT,AvgT,1.400000,7.400000
HCONCAT,FDR,1.500000,0.026667
HCONCAT,TPR,1.500000,0.940000
HCONCAT,AvgL,1.500000,1.900000
HCONCAT,AvgT,1.500000,5.400000
HCONCAT,FDR,1.600000,0.053939
HCONCAT,TPR,1.600000,0.920000
HCONCAT,AvgL,1.600000,3.700000
HCONCAT,AvgT,1.600000,8.400000
HCONCAT,FDR,1.700000,0.000000
HCONCAT,TPR,1.700000,0.990000
HCONCAT,AvgL,1.700000,2.400000
HCONCAT,AvgT,1.700000,7.900000
HCONCAT,FDR,1.800000,0.025758
HCONCAT,TPR,1.800000,0.980000
HCONCAT,AvgL,1.800000,1.900000
HCONCAT,AvgT,1.800000,4.700000
HCONCAT,FDR,1.900000,0.034848
HCONCAT,TPR,1.900000,0.980000
HCONCAT,AvgL,1.900000,2.100000
HCONCAT,AvgT,1.900000,7.000000
HCONCAT,FDR,2.000000,0.064336
HCONCAT,TPR,2.000000,0.990000
HCONCAT,AvgL,2.000000,1.800000
HCONCAT,AvgT,2.000000,5.700000
HCONCAT,FDR,5.000000,0.036364
HCONCAT,TPR,5.000000,1.000000
HCONCAT,AvgL,5.000000,1.300000
HCONCAT,AvgT,5.000000,5.800000
PERMUTATION,FDR,0.100000,0.000000
PERMUTATION,TPR,0.100000,0.000000
PERMUTATION,AvgL,0.100000,1.800000
PERMUTATION,AvgT,0.100000,4.300000
PERMUTATION,FDR,0.200000,0.050000
PERMUTATION,TPR,0.200000,0.030000
PERMUTATION,AvgL,0.200000,7.200000
PERMUTATION,AvgT,0.200000,2.800000
PERMUTATION,FDR,0.300000,0.033333
PERMUTATION,TPR,0.300000,0.030000
PERMUTATION,AvgL,0.300000,7.100000
PERMUTATION,AvgT,0.300000,3.100000
PERMUTATION,FDR,0.400000,0.025000
PERMUTATION,TPR,0.400000,0.220000
PERMUTATION,AvgL,0.400000,7.600000
PERMUTATION,AvgT,0.400000,5.300000
PERMUTATION,FDR,0.500000,0.045000
PERMUTATION,TPR,0.500000,0.230000
PERMUTATION,AvgL,0.500000,7.500000
PERMUTATION,AvgT,0.500000,6.800000
PERMUTATION,FDR,0.600000,0.116190
PERMUTATION,TPR,0.600000,0.320000
PERMUTATION,AvgL,0.600000,7.000000
PERMUTATION,AvgT,0.600000,6.100000
PERMUTATION,FDR,0.700000,0.036667
PERMUTATION,TPR,0.700000,0.450000
PERMUTATION,AvgL,0.700000,6.400000
PERMUTATION,AvgT,0.700000,7.400000
PERMUTATION,FDR,0.800000,0.111349
PERMUTATION,TPR,0.800000,0.630000
PERMUTATION,AvgL,0.800000,5.700000
PERMUTATION,AvgT,0.800000,9.000000
PERMUTATION,FDR,0.900000,0.024286
PERMUTATION,TPR,0.900000,0.680000
PERMUTATION,AvgL,0.900000,4.400000
PERMUTATION,AvgT,0.900000,8.800000
PERMUTATION,FDR,1.000000,0.033377
PERMUTATION,TPR,1.000000,0.750000
PERMUTATION,AvgL,1.000000,3.900000
PERMUTATION,AvgT,1.000000,6.200000
PERMUTATION,FDR,1.100000,0.055000
PERMUTATION,TPR,1.100000,0.880000
PERMUTATION,AvgL,1.100000,3.400000
PERMUTATION,AvgT,1.100000,9.900000
PERMUTATION,FDR,1.200000,0.047980
PERMUTATION,TPR,1.200000,0.860000
PERMUTATION,AvgL,1.200000,3.800000
PERMUTATION,AvgT,1.200000,7.000000
PERMUTATION,FDR,1.300000,0.040404
PERMUTATION,TPR,1.300000,0.810000
PERMUTATION,AvgL,1.300000,2.400000
PERMUTATION,AvgT,1.300000,5.700000
PERMUTATION,FDR,1.400000,0.059293
PERMUTATION,TPR,1.400000,0.910000
PERMUTATION,AvgL,1.400000,2.700000
PERMUTATION,AvgT,1.400000,6.100000
PERMUTATION,FDR,1.500000,0.034848
PERMUTATION,TPR,1.500000,0.930000
PERMUTATION,AvgL,1.500000,2.200000
PERMUTATION,AvgT,1.500000,9.200000
PERMUTATION,FDR,1.600000,0.063939
PERMUTATION,TPR,1.600000,0.920000
PERMUTATION,AvgL,1.600000,2.500000
PERMUTATION,AvgT,1.600000,5.600000
PERMUTATION,FDR,1.700000,0.018182
PERMUTATION,TPR,1.700000,1.000000
PERMUTATION,AvgL,1.700000,1.900000
PERMUTATION,AvgT,1.700000,5.100000
PERMUTATION,FDR,1.800000,0.043939
PERMUTATION,TPR,1.800000,0.970000
PERMUTATION,AvgL,1.800000,2.300000
PERMUTATION,AvgT,1.800000,11.800000
PERMUTATION,FDR,1.900000,0.043939
PERMUTATION,TPR,1.900000,0.980000
PERMUTATION,AvgL,1.900000,2.400000
PERMUTATION,AvgT,1.900000,10.000000
PERMUTATION,FDR,2.000000,0.063420
PERMUTATION,TPR,2.000000,0.990000
PERMUTATION,AvgL,2.000000,2.000000
PERMUTATION,AvgT,2.000000,8.100000
PERMUTATION,FDR,5.000000,0.009091
PERMUTATION,TPR,5.000000,1.000000
PERMUTATION,AvgL,5.000000,1.000000
PERMUTATION,AvgT,5.000000,4.700000
PERMUTATION_ONDEMAND,FDR,0.100000,0.000000
PERMUTATION_ONDEMAND,TPR,0.100000,0.000000
PERMUTATION_ONDEMAND,AvgL,0.100000,1.900000
PERMUTATION_ONDEMAND,AvgT,0.100000,3.900000
PERMUTATION_ONDEMAND,FDR,0.200000,0.133333
PERMUTATION_ONDEMAND,TPR,0.200000,0.040000
PERMUTATION_ONDEMAND,AvgL,0.200000,8.300000
PERMUTATION_ONDEMAND,AvgT,0.200000,4.800000
PERMUTATION_ONDEMAND,FDR,0.300000,0.050000
PERMUTATION_ONDEMAND,TPR,0.300000,0.030000
PERMUTATION_ONDEMAND,AvgL,0.300000,6.800000
PERMUTATION_ONDEMAND,AvgT,0.300000,5.100000
PERMUTATION_ONDEMAND,FDR,0.400000,0.025000
PERMUTATION_ONDEMAND,TPR,0.400000,0.230000
PERMUTATION_ONDEMAND,AvgL,0.400000,6.400000
PERMUTATION_ONDEMAND,AvgT,0.400000,4.000000
PERMUTATION_ONDEMAND,FDR,0.500000,0.045000
PERMUTATION_ONDEMAND,TPR,0.500000,0.220000
PERMUTATION_ONDEMAND,AvgL,0.500000,7.900000
PERMUTATION_ONDEMAND,AvgT,0.500000,6.600000
PERMUTATION_ONDEMAND,FDR,0.600000,0.107500
PERMUTATION_ONDEMAND,TPR,0.600000,0.340000
PERMUTATION_ONDEMAND,AvgL,0.600000,7.400000
PERMUTATION_ONDEMAND,AvgT,0.600000,7.200000
PERMUTATION_ONDEMAND,FDR,0.700000,0.045000
PERMUTATION_ONDEMAND,TPR,0.700000,0.430000
PERMUTATION_ONDEMAND,AvgL,0.700000,6.200000
PERMUTATION_ONDEMAND,AvgT,0.700000,6.000000
PERMUTATION_ONDEMAND,FDR,0.800000,0.083225
PERMUTATION_ONDEMAND,TPR,0.800000,0.540000
PERMUTATION_ONDEMAND,AvgL,0.800000,5.000000
PERMUTATION_ONDEMAND,AvgT,0.800000,6.400000
PERMUTATION_ONDEMAND,FDR,0.900000,0.052063
PERMUTATION_ONDEMAND,TPR,0.900000,0.660000
PERMUTATION_ONDEMAND,AvgL,0.900000,4.800000
PERMUTATION_ONDEMAND,AvgT,0.900000,21.600000
PERMUTATION_ONDEMAND,FDR,1.000000,0.042702
PERMUTATION_ONDEMAND,TPR,1.000000,0.740000
PERMUTATION_ONDEMAND,AvgL,1.000000,4.000000
PERMUTATION_ONDEMAND,AvgT,1.000000,6.500000
PERMUTATION_ONDEMAND,FDR,1.100000,0.072273
PERMUTATION_ONDEMAND,TPR,1.100000,0.860000
PERMUTATION_ONDEMAND,AvgL,1.100000,2.500000
PERMUTATION_ONDEMAND,AvgT,1.100000,4.700000
PERMUTATION_ONDEMAND,FDR,1.200000,0.044091
PERMUTATION_ONDEMAND,TPR,1.200000,0.830000
PERMUTATION_ONDEMAND,AvgL,1.200000,3.200000
PERMUTATION_ONDEMAND,AvgT,1.200000,19.700000
PERMUTATION_ONDEMAND,FDR,1.300000,0.060682
PERMUTATION_ONDEMAND,TPR,1.300000,0.850000
PERMUTATION_ONDEMAND,AvgL,1.300000,3.700000
PERMUTATION_ONDEMAND,AvgT,1.300000,9.400000
PERMUTATION_ONDEMAND,FDR,1.400000,0.093961
PERMUTATION_ONDEMAND,TPR,1.400000,0.920000
PERMUTATION_ONDEMAND,AvgL,1.400000,3.300000
PERMUTATION_ONDEMAND,AvgT,1.400000,7.900000
PERMUTATION_ONDEMAND,FDR,1.500000,0.035758
PERMUTATION_ONDEMAND,TPR,1.500000,0.940000
PERMUTATION_ONDEMAND,AvgL,1.500000,2.100000
PERMUTATION_ONDEMAND,AvgT,1.500000,8.600000
PERMUTATION_ONDEMAND,FDR,1.600000,0.074935
PERMUTATION_ONDEMAND,TPR,1.600000,0.950000
PERMUTATION_ONDEMAND,AvgL,1.600000,2.100000
PERMUTATION_ONDEMAND,AvgT,1.600000,4.500000
PERMUTATION_ONDEMAND,FDR,1.700000,0.000000
PERMUTATION_ONDEMAND,TPR,1.700000,1.000000
PERMUTATION_ONDEMAND,AvgL,1.700000,1.900000
PERMUTATION_ONDEMAND,AvgT,1.700000,5.300000
PERMUTATION_ONDEMAND,FDR,1.800000,0.053030
PERMUTATION_ONDEMAND,TPR,1.800000,1.000000
PERMUTATION_ONDEMAND,AvgL,1.800000,2.900000
PERMUTATION_ONDEMAND,AvgT,1.800000,12.100000
PERMUTATION_ONDEMAND,FDR,1.900000,0.042424
PERMUTATION_ONDEMAND,TPR,1.900000,0.990000
PERMUTATION_ONDEMAND,AvgL,1.900000,2.900000
PERMUTATION_ONDEMAND,AvgT,1.900000,13.300000
PERMUTATION_ONDEMAND,FDR,2.000000,0.060606
PERMUTATION_ONDEMAND,TPR,2.000000,0.990000
PERMUTATION_ONDEMAND,AvgL,2.000000,1.700000
PERMUTATION_ONDEMAND,AvgT,2.000000,6.900000
PERMUTATION_ONDEMAND,FDR,5.000000,0.036364
PERMUTATION_ONDEMAND,TPR,5.000000,1.000000
PERMUTATION_ONDEMAND,AvgL,5.000000,1.300000
PERMUTATION_ONDEMAND,AvgT,5.000000,5.400000
ONDEMAND,FDR,0.100000,0.000000
ONDEMAND,TPR,0.100000,0.000000
ONDEMAND,AvgL,0.100000,1.900000
ONDEMAND,AvgT,0.100000,4.800000
ONDEMAND,FDR,0.200000,0.133333
ONDEMAND,TPR,0.200000,0.030000
ONDEMAND,AvgL,0.200000,6.900000
ONDEMAND,AvgT,0.200000,3.200000
ONDEMAND,FDR,0.300000,0.050000
ONDEMAND,TPR,0.300000,0.020000
ONDEMAND,AvgL,0.300000,6.300000
ONDEMAND,AvgT,0.300000,2.400000
ONDEMAND,FDR,0.400000,0.045000
ONDEMAND,TPR,0.400000,0.240000
ONDEMAND,AvgL,0.400000,6.900000
ONDEMAND,AvgT,0.400000,5.300000
ONDEMAND,FDR,0.500000,0.050000
ONDEMAND,TPR,0.500000,0.170000
ONDEMAND,AvgL,0.500000,6.600000
ONDEMAND,AvgT,0.500000,4.400000
ONDEMAND,FDR,0.600000,0.090000
ONDEMAND,TPR,0.600000,0.350000
ONDEMAND,AvgL,0.600000,8.100000
ONDEMAND,AvgT,0.600000,7.300000
ONDEMAND,FDR,0.700000,0.070952
ONDEMAND,TPR,0.700000,0.490000
ONDEMAND,AvgL,0.700000,7.300000
ONDEMAND,AvgT,0.700000,8.000000
ONDEMAND,FDR,0.800000,0.092947
ONDEMAND,TPR,0.800000,0.570000
ONDEMAND,AvgL,0.800000,5.100000
ONDEMAND,AvgT,0.800000,6.700000
ONDEMAND,FDR,0.900000,0.052063
ONDEMAND,TPR,0.900000,0.650000
ONDEMAND,AvgL,0.900000,4.600000
ONDEMAND,AvgT,0.900000,20.500000
ONDEMAND,FDR,1.000000,0.034488
ONDEMAND,TPR,1.000000,0.670000
ONDEMAND,AvgL,1.000000,3.900000
ONDEMAND,AvgT,1.000000,5.300000
ONDEMAND,FDR,1.100000,0.046364
ONDEMAND,TPR,1.100000,0.850000
ONDEMAND,AvgL,1.100000,3.000000
ONDEMAND,AvgT,1.100000,7.400000
ONDEMAND,FDR,1.200000,0.042702
ONDEMAND,TPR,1.200000,0.820000
ONDEMAND,AvgL,1.200000,3.600000
ONDEMAND,AvgT,1.200000,20.600000
ONDEMAND,FDR,1.300000,0.050682
ONDEMAND,TPR,1.300000,0.800000
ONDEMAND,AvgL,1.300000,3.600000
ONDEMAND,AvgT,1.300000,12.200000
ONDEMAND,FDR,1.400000,0.061793
ONDEMAND,TPR,1.400000,0.850000
ONDEMAND,AvgL,1.400000,3.300000
ONDEMAND,AvgT,1.400000,16.600000
ONDEMAND,FDR,1.500000,0.026667
ONDEMAND,TPR,1.500000,0.930000
ONDEMAND,AvgL,1.500000,2.100000
ONDEMAND,AvgT,1.500000,5.900000
ONDEMAND,FDR,1.600000,0.059441
ONDEMAND,TPR,1.600000,0.950000
ONDEMAND,AvgL,1.600000,2.200000
ONDEMAND,AvgT,1.600000,4.800000
ONDEMAND,FDR,1.700000,0.000000
ONDEMAND,TPR,1.700000,0.990000
ONDEMAND,AvgL,1.700000,1.900000
ONDEMAND,AvgT,1.700000,4.700000
ONDEMAND,FDR,1.800000,0.043939
ONDEMAND,TPR,1.800000,1.000000
ONDEMAND,AvgL,1.800000,2.900000
ONDEMAND,AvgT,1.800000,15.400000
ONDEMAND,FDR,1.900000,0.037273
ONDEMAND,TPR,1.900000,0.990000
ONDEMAND,AvgL,1.900000,2.300000
ONDEMAND,AvgT,1.900000,7.000000
ONDEMAND,FDR,2.000000,0.060606
ONDEMAND,TPR,2.000000,0.990000
ONDEMAND,AvgL,2.000000,2.700000
ONDEMAND,AvgT,2.000000,9.000000
ONDEMAND,FDR,5.000000,0.027273
ONDEMAND,TPR,5.000000,1.000000
ONDEMAND,AvgL,5.000000,1.300000
ONDEMAND,AvgT,5.000000,4.900000
SKIPL_5p,FDR,0.100000,0.000000
SKIPL_5p,TPR,0.100000,0.000000
SKIPL_5p,AvgL,0.100000,5.000000
SKIPL_5p,AvgT,0.100000,16.000000
SKIPL_5p,FDR,0.200000,0.000000
SKIPL_5p,TPR,0.200000,0.010000
SKIPL_5p,AvgL,0.200000,5.000000
SKIPL_5p,AvgT,0.200000,2.800000
SKIPL_5p,FDR,0.300000,0.050000
SKIPL_5p,TPR,0.300000,0.010000
SKIPL_5p,AvgL,0.300000,5.000000
SKIPL_5p,AvgT,0.300000,3.100000
SKIPL_5p,FDR,0.400000,0.025000
SKIPL_5p,TPR,0.400000,0.210000
SKIPL_5p,AvgL,0.400000,5.000000
SKIPL_5p,AvgT,0.400000,4.300000
SKIPL_5p,FDR,0.500000,0.041667
SKIPL_5p,TPR,0.500000,0.170000
SKIPL_5p,AvgL,0.500000,5.000000
SKIPL_5p,AvgT,0.500000,3.600000
SKIPL_5p,FDR,0.600000,0.083333
SKIPL_5p,TPR,0.600000,0.330000
SKIPL_5p,AvgL,0.600000,5.000000
SKIPL_5p,AvgT,0.600000,5.000000
SKIPL_5p,FDR,0.700000,0.056667
SKIPL_5p,TPR,0.700000,0.330000
SKIPL_5p,AvgL,0.700000,5.000000
SKIPL_5p,AvgT,0.700000,4.400000
SKIPL_5p,FDR,0.800000,0.109722
SKIPL_5p,TPR,0.800000,0.640000
SKIPL_5p,AvgL,0.800000,5.000000
SKIPL_5p,AvgT,0.800000,6.700000
SKIPL_5p,FDR,0.900000,0.047222
SKIPL_5p,TPR,0.900000,0.740000
SKIPL_5p,AvgL,0.900000,5.000000
SKIPL_5p,AvgT,0.900000,7.000000
SKIPL_5p,FDR,1.000000,0.039167
SKIPL_5p,TPR,1.000000,0.760000
SKIPL_5p,AvgL,1.000000,5.000000
SKIPL_5p,AvgT,1.000000,7.600000
SKIPL_5p,FDR,1.100000,0.074545
SKIPL_5p,TPR,1.100000,0.900000
SKIPL_5p,AvgL,1.100000,5.000000
SKIPL_5p,AvgT,1.100000,13.500000
SKIPL_5p,FDR,1.200000,0.059975
SKIPL_5p,TPR,1.200000,0.870000
SKIPL_5p,AvgL,1.200000,5.000000
SKIPL_5p,AvgT,1.200000,14.600000
SKIPL_5p,FDR,1.300000,0.068864
SKIPL_5p,TPR,1.300000,0.850000
SKIPL_5p,AvgL,1.300000,5.000000
SKIPL_5p,AvgT,1.300000,18.900000
SKIPL_5p,FDR,1.400000,0.090552
SKIPL_5p,TPR,1.400000,0.930000
SKIPL_5p,AvgL,1.400000,5.000000
SKIPL_5p,AvgT,1.400000,21.000000
SKIPL_5p,FDR,1.500000,0.034848
SKIPL_5p,TPR,1.500000,0.980000
SKIPL_5p,AvgL,1.500000,5.000000
SKIPL_5p,AvgT,1.500000,28.200000
SKIPL_5p,FDR,1.600000,0.107511
SKIPL_5p,TPR,1.600000,0.960000
SKIPL_5p,AvgL,1.600000,5.000000
SKIPL_5p,AvgT,1.600000,12.500000
SKIPL_5p,FDR,1.700000,0.036364
SKIPL_5p,TPR,1.700000,1.000000
SKIPL_5p,AvgL,1.700000,5.000000
SKIPL_5p,AvgT,1.700000,19.700000
SKIPL_5p,FDR,1.800000,0.053030
SKIPL_5p,TPR,1.800000,1.000000
SKIPL_5p,AvgL,1.800000,5.000000
SKIPL_5p,AvgT,1.800000,16.600000
SKIPL_5p,FDR,1.900000,0.079697
SKIPL_5p,TPR,1.900000,0.990000
SKIPL_5p,AvgL,1.900000,5.000000
SKIPL_5p,AvgT,1.900000,27.500000
SKIPL_5p,FDR,2.000000,0.089015
SKIPL_5p,TPR,2.000000,0.990000
SKIPL_5p,AvgL,2.000000,5.000000
SKIPL_5p,AvgT,2.000000,19.800000
SKIPL_5p,FDR,5.000000,0.071212
SKIPL_5p,TPR,5.000000,1.000000
SKIPL_5p,AvgL,5.000000,5.000000
SKIPL_5p,AvgT,5.000000,21.500000
SKIPL_10p,FDR,0.100000,0.000000
SKIPL_10p,TPR,0.100000,0.000000
SKIPL_10p,AvgL,0.100000,10.000000
SKIPL_10p,AvgT,0.100000,43.700000
SKIPL_10p,FDR,0.200000,0.133333
SKIPL_10p,TPR,0.200000,0.040000
SKIPL_10p,AvgL,0.200000,10.000000
SKIPL_10p,AvgT,0.200000,4.900000
SKIPL_10p,FDR,0.300000,0.050000
SKIPL_10p,TPR,0.300000,0.030000
SKIPL_10p,AvgL,0.300000,10.000000
SKIPL_10p,AvgT,0.300000,3.800000
SKIPL_10p,FDR,0.400000,0.045000
SKIPL_10p,TPR,0.400000,0.250000
SKIPL_10p,AvgL,0.400000,10.000000
SKIPL_10p,AvgT,0.400000,9.000000
SKIPL_10p,FDR,0.500000,0.072619
SKIPL_10p,TPR,0.500000,0.260000
SKIPL_10p,AvgL,0.500000,10.000000
SKIPL_10p,AvgT,0.500000,8.200000
SKIPL_10p,FDR,0.600000,0.102500
SKIPL_10p,TPR,0.600000,0.380000
SKIPL_10p,AvgL,0.600000,10.000000
SKIPL_10p,AvgT,0.600000,10.800000
SKIPL_10p,FDR,0.700000,0.045238
SKIPL_10p,TPR,0.700000,0.540000
SKIPL_10p,AvgL,0.700000,10.000000
SKIPL_10p,AvgT,0.700000,14.100000
SKIPL_10p,FDR,0.800000,0.118910
SKIPL_10p,TPR,0.800000,0.670000
SKIPL_10p,AvgL,0.800000,10.000000
SKIPL_10p,AvgT,0.800000,19.000000
SKIPL_10p,FDR,0.900000,0.056508
SKIPL_10p,TPR,0.900000,0.790000
SKIPL_10p,AvgL,0.900000,10.000000
SKIPL_10p,AvgT,0.900000,35.900000
SKIPL_10p,FDR,1.000000,0.041591
SKIPL_10p,TPR,1.000000,0.790000
SKIPL_10p,AvgL,1.000000,10.000000
SKIPL_10p,AvgT,1.000000,17.900000
SKIPL_10p,FDR,1.100000,0.089545
SKIPL_10p,TPR,1.100000,0.900000
SKIPL_10p,AvgL,1.100000,10.000000
SKIPL_10p,AvgT,1.100000,45.400000
SKIPL_10p,FDR,1.200000,0.059975
SKIPL_10p,TPR,1.200000,0.880000
SKIPL_10p,AvgL,1.200000,10.000000
SKIPL_10p,AvgT,1.200000,34.000000
SKIPL_10p,FDR,1.300000,0.067045
SKIPL_10p,TPR,1.300000,0.870000
SKIPL_10p,AvgL,1.300000,10.000000
SKIPL_10p,AvgT,1.300000,56.500000
SKIPL_10p,FDR,1.400000,0.099441
SKIPL_10p,TPR,1.400000,0.940000
SKIPL_10p,AvgL,1.400000,10.000000
SKIPL_10p,AvgT,1.400000,55.600000
SKIPL_10p,FDR,1.500000,0.034848
SKIPL_10p,TPR,1.500000,1.000000
SKIPL_10p,AvgL,1.500000,10.000000
SKIPL_10p,AvgT,1.500000,56.800000
SKIPL_10p,FDR,1.600000,0.097879
SKIPL_10p,TPR,1.600000,0.950000
SKIPL_10p,AvgL,1.600000,10.000000
SKIPL_10p,AvgT,1.600000,35.300000
SKIPL_10p,FDR,1.700000,0.054545
SKIPL_10p,TPR,1.700000,1.000000
SKIPL_10p,AvgL,1.700000,10.000000
SKIPL_10p,AvgT,1.700000,67.500000
SKIPL_10p,FDR,1.800000,0.085198
SKIPL_10p,TPR,1.800000,1.000000
SKIPL_10p,AvgL,1.800000,10.000000
SKIPL_10p,AvgT,1.800000,74.800000
SKIPL_10p,FDR,1.900000,0.078182
SKIPL_10p,TPR,1.900000,0.990000
SKIPL_10p,AvgL,1.900000,10.000000
SKIPL_10p,AvgT,1.900000,85.500000
SKIPL_10p,FDR,2.000000,0.096591
SKIPL_10p,TPR,2.000000,0.990000
SKIPL_10p,AvgL,2.000000,10.000000
SKIPL_10p,AvgT,2.000000,73.900000
SKIPL_10p,FDR,5.000000,0.096970
SKIPL_10p,TPR,5.000000,1.000000
SKIPL_10p,AvgL,5.000000,10.000000
SKIPL_10p,AvgT,5.000000,82.600000
SKIPL_20p,FDR,0.100000,0.000000
SKIPL_20p,TPR,0.100000,0.000000
SKIPL_20p,AvgL,0.100000,20.000000
SKIPL_20p,AvgT,0.100000,93.200000
SKIPL_20p,FDR,0.200000,0.158333
SKIPL_20p,TPR,0.200000,0.050000
SKIPL_20p,AvgL,0.200000,20.000000
SKIPL_20p,AvgT,0.200000,13.700000
SKIPL_20p,FDR,0.300000,0.025000
SKIPL_20p,TPR,0.300000,0.080000
SKIPL_20p,AvgL,0.300000,20.000000
SKIPL_20p,AvgT,0.300000,35.900000
SKIPL_20p,FDR,0.400000,0.078333
SKIPL_20p,TPR,0.400000,0.290000
SKIPL_20p,AvgL,0.400000,20.000000
SKIPL_20p,AvgT,0.400000,29.800000
SKIPL_20p,FDR,0.500000,0.072619
SKIPL_20p,TPR,0.500000,0.280000
SKIPL_20p,AvgL,0.500000,20.000000
SKIPL_20p,AvgT,0.500000,21.800000
SKIPL_20p,FDR,0.600000,0.084127
SKIPL_20p,TPR,0.600000,0.440000
SKIPL_20p,AvgL,0.600000,20.000000
SKIPL_20p,AvgT,0.600000,54.100000
SKIPL_20p,FDR,0.700000,0.051389
SKIPL_20p,TPR,0.700000,0.570000
SKIPL_20p,AvgL,0.700000,20.000000
SKIPL_20p,AvgT,0.700000,37.400000
SKIPL_20p,FDR,0.800000,0.114188
SKIPL_20p,TPR,0.800000,0.690000
SKIPL_20p,AvgL,0.800000,20.000000
SKIPL_20p,AvgT,0.800000,62.300000
SKIPL_20p,FDR,0.900000,0.057897
SKIPL_20p,TPR,0.900000,0.790000
SKIPL_20p,AvgL,0.900000,20.000000
SKIPL_20p,AvgT,0.900000,81.900000
SKIPL_20p,FDR,1.000000,0.049167
SKIPL_20p,TPR,1.000000,0.810000
SKIPL_20p,AvgL,1.000000,20.000000
SKIPL_20p,AvgT,1.000000,86.000000
SKIPL_20p,FDR,1.100000,0.082273
SKIPL_20p,TPR,1.100000,0.920000
SKIPL_20p,AvgL,1.100000,20.000000
SKIPL_20p,AvgT,1.100000,98.000000
SKIPL_20p,FDR,1.200000,0.066439
SKIPL_20p,TPR,1.200000,0.910000
SKIPL_20p,AvgL,1.200000,20.000000
SKIPL_20p,AvgT,1.200000,100.500000
SKIPL_20p,FDR,1.300000,0.075682
SKIPL_20p,TPR,1.300000,0.860000
SKIPL_20p,AvgL,1.300000,20.000000
SKIPL_20p,AvgT,1.300000,93.700000
SKIPL_20p,FDR,1.400000,0.108733
SKIPL_20p,TPR,1.400000,0.960000
SKIPL_20p,AvgL,1.400000,20.000000
SKIPL_20p,AvgT,1.400000,133.500000
SKIPL_20p,FDR,1.500000,0.077622
SKIPL_20p,TPR,1.500000,1.000000
SKIPL_20p,AvgL,1.500000,20.000000
SKIPL_20p,AvgT,1.500000,139.900000
SKIPL_20p,FDR,1.600000,0.108117
SKIPL_20p,TPR,1.600000,0.980000
SKIPL_20p,AvgL,1.600000,20.000000
SKIPL_20p,AvgT,1.600000,117.300000
SKIPL_20p,FDR,1.700000,0.072727
SKIPL_20p,TPR,1.700000,1.000000
SKIPL_20p,AvgL,1.700000,20.000000
SKIPL_20p,AvgT,1.700000,130.400000
SKIPL_20p,FDR,1.800000,0.103380
SKIPL_20p,TPR,1.800000,1.000000
SKIPL_20p,AvgL,1.800000,20.000000
SKIPL_20p,AvgT,1.800000,150.000000
SKIPL_20p,FDR,1.900000,0.102774
SKIPL_20p,TPR,1.900000,0.990000
SKIPL_20p,AvgL,1.900000,20.000000
SKIPL_20p,AvgT,1.900000,129.200000
SKIPL_20p,FDR,2.000000,0.139365
SKIPL_20p,TPR,2.000000,1.000000
SKIPL_20p,AvgL,2.000000,20.000000
SKIPL_20p,AvgT,2.000000,123.700000
SKIPL_20p,FDR,5.000000,0.113636
SKIPL_20p,TPR,5.000000,1.000000
SKIPL_20p,AvgL,5.000000,20.000000
SKIPL_20p,AvgT,5.000000,150.000000
